id_gminy;id_sklepu;kod_pocztowy;ulica
1020043;1;95-069;Konstantynowska 5/7
1203013;2;32-566;A. Mickiewicza 15a
1218013;3;34-120;Krakowska 83
607023;4;23-235;Radomska 28a
2001011;5;16-300;Mazurska 10
2001011;6;16-300;Sucharskiego 2
2001011;7;16-300;Chreptowicza 15
2001011;8;16-300;Przemysłowa 2
1203022;9;32-551;Zakopiańska 47
809013;10;66-110;Lotnicza 3
1602013;11;48-120;Wiejska 2a
3206012;12;74-110;Dworcowa 5
2818012;13;19-520;Jasna 2
419013;14;88-190;Polna 2
2814013;15;11-010;Wojska Polskiego 1a
224013;16;57-256;Kolejowa 22
3210013;17;74-320;Żabia 7
3210013;18;74-320;Kombatantów 4
2801011;19;11-200;Kętrzyńska 20
2801011;20;11-200;Warszawska 29
2801011;21;11-201;Generała Józefa Bema 40c
2801011;22;11-200;Piersele 26
3215023;23;78-460;Zielona 2
1001011;24;97-400;Kwiatowa 1/3
1001011;25;97-400;Czyżewskiego 1
1001011;26;97-400;Osiedle Dolnośląskie 341a
1001011;27;97-400;Pabianicka 22
1001011;28;97-400;Wojska Polskiego 8
1001011;29;97-400;Okrzei 35/39
1001011;30;97-400;Armii Krajowej 7
609013;31;24-200;Fabryczna 6
2816013;32;12-230;J. Słowackiego 1
601032;33;21-500;Warszawska 34-38
601032;34;21-500;Przechodnia 8
601032;35;21-500;Sidorska 2K
601032;36;21-500;Kąpielowa 3
601032;37;21-500;Anny Jagiellonki 1
601032;38;21-500;Orzechowa 2a
601032;39;21-500;Sidorska 100
601032;40;21-500;Brzeska 27
601032;41;21-500;Janowska 54
1013023;42;96-230;Mickiewicza 19
403012;43;86-005;Szubińska 8
3201011;44;78-200;Świdwińska 15
3201011;45;78-200;Mickiewicza 17
3201011;46;78-200;Staromiejska 29
3201011;47;78-200;Drzymały 27
3215033;48;78-425;Dworcowa 3
2061000;49;15-008;Ryska 1
2061000;50;15-008;Wyszyńskiego 21
2061000;51;15-207;Piastowska 25
2061000;52;15-634;Klepacka 2/1
2061000;53;15-845;Antoniukowska 56
2061000;54;15-657;J. Popiełuszki 111A
2061000;55;15-399;Transportowa 8
2061000;56;15-111;Aleja 1000-lecia Państwa Polskiego 10
2061000;57;15-763;Ogrodniczki 2
2061000;58;15-453;Nowy Świat 3/lok U4
2061000;59;15-794;Gajowa 116
2061000;60;15-866;Radzymińska 12
2061000;61;15-057;Bolesława Chrobrego 16a
2061000;62;15-354;Pogodna 35
2061000;63;15-448;Żabia 20
2061000;64;15-732;Choroszczańska 24
2061000;65;15-668;Upalna 3
2061000;66;15-585;Zabłudowska 52
2061000;67;15-690;Narodowych Sił Zbrojnych 13
2061000;68;15-762;Antoniuk Fabryczny 58
2061000;69;15-324;Kawaleryjska 66
2061000;70;15-644;Wrocławska 15
2061000;71;15-181;42 Pułku Piechoty 34
2061000;72;15-685;Bacieczki 217
2061000;73;15-540;Wiewiórcza 51
2061000;74;15-375;Kaczorowskiego 7
2061000;75;15-161;Trawiasta 2
2061000;76;15-111;Aleja 1000-lecia Państwa Polskiego 8
2061000;77;15-501;Baranowicka 121
2061000;78;15-206;Nowowarszawska 10
2061000;79;15-483;Fabryczna 4
2061000;80;17-100;Orlańska 1
2061000;81;15-277;Świętojańska 15
1205023;82;38-340;Kazimierza Wielkiego 26
202011;83;58-260;Wolności 67
202011;84;58-260;1 Maja 37
202011;85;58-260;Wojska Polskiego 39
202011;86;58-260;Lipowa 3
1419012;87;09-230;Płocka 28
2003011;88;17-100;Szkolna 2
2003011;89;17-100;Piłsudskiego 54
2461000;90;43-346;Komorowicka 336b
2461000;91;43-300;Żywiecka 115
2461000;92;43-300;Pięciu Stawów 6
2461000;93;43-316;Partyzantów 156
2461000;94;43-300;Stawowa 4
2461000;95;43-300;Mostowa 5
2461000;96;43-300;Cyniarska 26
2461000;97;43-300;Grabowa 1
2461000;98;43-300;Kamienicka 2A
2461000;99;43-382;Cieszyńska 418
2461000;100;43-316;Kolista 21
214023;101;56-420;Słowackiego 20
1219012;102;32-020;Biskupice 361
2812022;103;11-300;1 Maja 24
2812022;104;11-300;Plażowa 2
2812022;105;13-340;Jesionowa 2
602011;106;23-400;T. Kościuszki 156
602011;107;23-400;Włosiankarska 2
602011;108;23-400;3 Maja 13
2404013;109;42-290;Miodowa 2
2610022;110;26-120;Kościuszki 149
3209033;111;76-020;Zwycięstwa 7
1205033;112;38-350;Grunwaldzka 50
1201011;113;32-700;Wiśnicka 16
1201011;114;32-700;Krzeczowska 16
2604023;115;26-010;Opatowska 65
225033;116;59-920;I Armii Wojska Polskiego 10
225033;117;59-920;Dworcowa 2
225033;118;59-920;Matejki 64
1816033;119;36-040;Przemysłowa 3B
221011;120;58-371;Traugutta 20
221011;121;58-370;Strażacka 7
221011;122;58-370;Wałbrzyska 8
3022013;123;63-940;Gołaszyn 75
201011;124;59-700;Chrobrego 25/27
201011;125;59-700;Wróblewskiego 4a i 4b
201011;126;59-700;Mostowa 2
201011;127;59-700;Gałczyńskiego 15
201011;128;59-700;Komuny Paryskiej 25a
201011;129;59-700;Tysiąclecia 43
201011;130;59-700;Wesoła 23b
201011;131;59-700;Asnyka 1
205023;132;59-420;H. Sienkiewicza 16
3004013;133;63-810;M. Konopnickiej 24
3215043;134;78-449;Aleja Niepodległości 43
1602022;135;48-140;Żymierskiego 57a
1602022;136;48-140;Młyńska 1
2802011;137;14-500;Piłsudskiego 1
2802011;138;14-500;Sikorskiego 1
2802011;139;14-500;Wojska Polskiego 9
2003021;140;17-120;Armii Krajowej 16c
2403042;141;43-438;Wyzwolenia 38B
402011;142;87-300;Kolejowa 1a
402011;143;87-300;Gen. Stanisława Maczka 2
402011;144;87-300;Mazurska 5/7
402011;145;87-300;Władysława Łokietka 1
2202023;146;89-632;Wojska Polskiego 56
1421033;147;05-805;Warszawska 1
1601011;148;49-300;Chocimska 7
1601011;149;49-300;Długa 2
1601011;150;49-305;Słowackiego 31
1601011;151;49-300;Łokietka 4
222013;152;56-120;Al. Jerozolimskie 37
222013;153;56-120;Dębowa 1a
1202023;154;32-800;Solskiego 14A
1202023;155;32-800;Pomianowska 2b
1202023;156;32-800;Osiedle Władysława Jagiełły 15
1213023;157;32-620;Ofiar Oświęcimia 31
1021011;158;95-060;Modrzewskiego 4
1021011;159;95-060;Kościuszki 9
418043;160;87-880;Kolejowa 8
1014042;161;98-275;Wspólna 38
1803023;162;39-230;Mysłowskiego 5A
1802013;163;36-200;Bema 2
2402032;164;43-374;Wyzwolenia 491A
3001023;165;64-840;Dworcowa 17a
3021033;166;64-320;Jana Pawła II 20
1212011;167;32-332;Kolejowa 5
2601013;168;28-100;Mickiewicza 14a
2601013;169;28-102;Nadole 2
609033;170;23-100;Szkolna 2
609033;171;23-100;Sienkiewicza 94b
461000;172;85-791;F. Kleeberga 2d
461000;173;85-060;Sobieskiego 5
461000;174;85-645;Dwernickiego 9
461000;175;85-090;Powstańców Wielkopolskich 56
461000;176;85-091;Sportowa 15
461000;177;85-239;Grunwaldzka 37
461000;178;85-168;Ujejskiego 61
461000;179;85-010;Dworcowa 46
461000;180;85-099;Curie-Skłodowskiej 29
461000;181;85-425;Flisacka 2
461000;182;85-737;Łęczycka 33
461000;183;85-791;Andersa 51
461000;184;85-078;Kościuszki 27
461000;185;85-130;Grudziądzka 27/29
461000;186;85-790;Wyzwolenia 106
461000;187;85-315;Schulza 7
461000;188;85-856;Ku Wiatrakom 42
461000;189;85-153;Inowrocławska 1a
461000;190;85-504;Saperów 45/5
461000;191;85-433;św. M. Kolbego 58
461000;192;85-811;Kąkolowa 1
461000;193;85-124;Konopnickiej 2
461000;194;85-790;Bydgoska 31-33
461000;195;85-307;Kossaka 17
461000;196;85-021;Gdańska 138
461000;197;85-236;Grunwaldzka 8
461000;198;85-791;Skarżyńskiego 6
461000;199;85-310;Żwirki i Wigury 11C
461000;200;85-310;Mostowa 2
461000;201;85-438;Grunwaldzka 284
461000;202;85-087;Gajowa 7
461000;203;85-849;Magnuszewska 6
461000;204;85-796;W. Andersa 2
461000;205;85-409;Szułczyńskiej 2
461000;206;83-260;Długa 9
208063;207;57-500;Strażacka 8
2462000;208;41-933;Łokietka 1
2462000;209;41-900;Pułaskiego 65
2462000;210;41-923;Frenzla 26
2462000;211;41-923;Daleka 32
2462000;212;41-902;Jainty 12
2462000;213;41-902;Łużycka 1
2462000;214;41-907;Zabrzańska 72
2462000;215;41-933;Strzelców Bytomskich 250D
2462000;216;41-902;Witczaka 4
2462000;217;41-909;Krzyżowa 32
2462000;218;41-907;Pomorska 2a
2462000;219;41-905;Konstytucji 37
2462000;220;41-902;Sandomierska 10
2462000;221;41-902;Strzelców Bytomskich 40
2462000;222;41-933;G. Narutowicza 11
804023;223;67-115;Polna 6
2401011;224;42-500;Małachowskiego 29
2401011;225;42-500;Zagórnego 1
2401011;226;42-500;Małobądzka 2
2401011;227;42-500;Piłsudskiego 83
2401011;228;42-500;Piastowska 29
2401011;229;42-500;Żwirki i Wigury 6
2401011;230;42-504;Niepodległości 3
1014023;231;98-235;Sieradzka 57
1816023;232;36-030;Armii Krajowej 39b
1432013;233;05-870;Poniatowskiego 18a
1432013;234;05-870;Romualda Traugutta 14
1432013;235;05-870;Grodziska 56
1406022;236;05-620;Sadurkowska 1
1412043;237;05-319;Dobrzyckiego 9
603032;238;22-100;Wojsławicka 6
603032;239;22-100;Lwowska 79
603032;240;22-100;Rejowiecka 120
603032;241;22-100;Lubelska 173
603032;242;22-100;Siedlecka 4
603032;243;22-100;Armii Krajowej 13
603032;244;22-100;Al. Żołnierzy I Armii Wojska Polskiego 7
603032;245;22-100;Kolejowa 85
603032;246;22-100;Rejowiecka 179B
1213033;247;32-660;Krakowska 20d
404011;248;86-200;Grudziądzka 6
404011;249;86-200;Dojazdowa 1
404011;250;86-200;Polna 18
415011;251;87-140;Sikorskiego 30
415011;252;87-140;Chełmińskie Przedmieście 17
216013;253;59-140;Rotmistrza Witolda Pileckiego 4a
3214023;254;73-120;Armii Krajowej 76
3020013;255;63-313;Pleszewska 39B
2215042;256;84-210;Pucka 26
418063;257;87-860;I Armii Wojska Polskiego 1
3001011;258;64-800;Zwycięstwa 18
3206033;259;74-500;Ogrodowa 14b
2202011;260;89-600;J.Piłsudskiego 38
2202011;261;89-600;Pl. Piastowski 31
2202011;262;89-604;Jana Pawła II 2D
2202011;263;89-600;Modra 4
2202011;264;89-600;Karolewo 17a
2202011;265;89-620;Towarowa 11
209011;266;59-225;Kolejowa 6
209011;267;59-225;Legnicka 25
2002013;268;16-070;Sienkiewicza 30B
1422023;269;06-330;Kasztanowa 5
2463000;270;41-500;Beskidzka 1
2463000;271;41-503;Plac Św. Jana 24
2463000;272;41-500;Św. Piotra 14
2463000;273;41-500;Ryszki 57
2463000;274;41-506;Ks. Jana Gałeczki 30
2463000;275;41-503;Floriańska 4
2463000;276;41-503;Siemianowicka 157
2463000;277;41-506;Długa 67
2463000;278;41-506;Szpitalna 16
3202023;279;73-200;W. Jagiełły 9
2403052;280;43-520;Bielska 65a
2604033;281;26-060;Kielecka 29a
2013023;282;18-230;Mickiewicza 33
1402011;283;06-400;Sikorskiego 11
1402011;284;06-400;Tatarska 1
1402011;285;06-400;17 Stycznia 6
1402011;286;06-400;Sienkiewicza 79
401021;287;87-720;Zdrojowa 25
401021;288;87-720;J. Bema 40
1809023;289;37-611;Sienkiewicza 4
2403011;290;43-400;Wiejska 1
2403011;291;43-400;Kolejowa 20
2403011;292;43-400;Katowicka 51
2403011;293;43-400;Kossak Szatkowskiej 2
805013;294;69-108;Krośnieńska 1
3203013;295;78-550;Długa 19-27
2002023;296;16-020;Fabryczna 4
2213013;297;83-262;Starogardzka 19
3002011;298;64-700;Wodna 1
3002011;299;64-700;T. Kościuszki 93
1211032;300;34-470;Kolejowa 22
1202033;301;32-860;Krakowska 24
2401021;302;41-250;Szpitalna 8
2401021;303;41-250;Nowopogońska 228
2401021;304;41-250;Będzińska 10
2401021;305;41-250;Bolesława i Władysława Dehnelów 41
3011023;306;64-020;Rynek 12
3003023;307;62-250;Poznańska 29
415032;308;87-640;Toruńska 57
2202043;309;89-650;Dworcowa 23
2202043;310;89-650;Cmentarna 4
2202043;311;89-650;Jana Pawła II 3
809033;312;66-016;Zielonogórska 34A
3021042;313;62-004;Leśna 1
1414022;314;05-152;Warszawska 28
2013033;315;18-220;Andrzejewska 2
2464000;316;42-200;Świętej Jadwigi 60/62
2464000;317;42-200;Gajcego 2
2464000;318;42-200;Al. Wyzwolenia 7
2464000;319;42-200;Pułaskiego 30
2464000;320;42-200;Warszawska 43
2464000;321;42-200;Radomska 4A
2464000;322;42-202;Mostowa 11/13
2464000;323;42-202;Al. Armii Krajowej 54
2464000;324;42-200;Okólna 113a
2464000;325;42-209;Rędzińska 15
2464000;326;42-208;Bohaterów Katynia 37
2464000;327;42-202;Sabinowska 92
2464000;328;42-218;al. Jana Pawła II 106
2464000;329;42-207;Lenartowicza 22
2464000;330;42-200;L. Okulickiego 92
2464000;331;42-202;M. Faradaya 21
2464000;332;42-280;Główna 140
2464000;333;42-200;Ignacego Mościckiego 28
2464000;334;42-207;Majora Waleriana Łukasińskiego 41
2464000;335;42-202;Łódzka 207
2464000;336;42-202;Wolności 17
2464000;337;42-271;Gościnna 92
2464000;338;42-202;Al. Wojska Polskiego 207
2464000;339;42-229;Jagiellońska 35
3217023;340;78-630;Zwycięstwa Wojska Polskiego 19
3028022;341;62-110;Żnińska 28
3213011;342;76-153;Plażowa 1
3213011;343;76-150;Wojska Polskiego 47
3213011;344;76-150;Powstańców Warszawskich 1-3
801032;345;66-446;Lubuska 42a
1209013;346;32-410;Zarabie 6I
403032;347;86-022;Długa 8a
2814033;348;11-040;Wojska Polskiego 20e/20f
1608013;349;46-380;Oleska 23
214032;350;56-410;Trzebnicka 22
1008042;351;95-082;Wrocławska 3A
3214033;352;73-130;Jana Pawła II 24F
1609032;353;46-020;Namysłowska 10a
3020033;354;63-330;Krotoszyńska 41a
3214042;355;73-115;Pyrzycka 9a
3026023;356;63-140;Gostyńskie Przedmieście 14A
1606012;357;46-146;Osiedlowa 2a
604022;358;22-540;Partyzantów 2
3202033;359;73-220;
3203023;360;78-500;Prusa 7
3203023;361;78-500;Złocieniecka 11c
806023;362;66-530;Plac Wileński 1
1419053;363;09-210;Płońska 7
2010023;364;17-312;Mieszka I 6
1807023;365;38-450;Słowacka 22
3208022;366;78-113;Kołobrzeska 45a
1816011;367;36-065;Grunwadzka 38
2803011;368;13-200;Olsztyńska 1
2803011;369;13-200;Skłodowskiej 35
2803011;370;13-200;Olsztyńska 2
1009013;371;98-355;m.Posmykowizna 43
2206022;372;83-425;Wyzwolenia 13
2216013;373;82-440;Limanowskiego 15
202021;374;58-200;Piłsudskiego 18
202021;375;58-200;Os. Różane 23
202021;376;58-200;M. Kopernika 15
202021;377;58-200;Piastowska 15
3207013;378;72-420;J. Słowackiego 8A
407022;379;88-133;Długa 70
2465000;380;41-300;Kasprzaka 16
2465000;381;41-300;H. Sienkiewicza 18
2465000;382;42-520;Al. Zwycięstwa 5
2465000;383;41-300;Ludowa 19a
2465000;384;41-300;Adamieckiego 11a
2465000;385;41-300;Królowej Jadwigi 23
2465000;386;41-300;Majewskiego 148
2465000;387;41-300;Al. Zagłębia Dąbrowskiego 24
2465000;388;41-303;Majakowskiego 48
2465000;389;41-300;M. Konopnickiej 50
2465000;390;41-300;Majewskiego 314
2465000;391;41-300;Katowicka 1b
2465000;392;41-303;aleja Józefa Piłsudskiego 54
1204023;393;33-200;Jagiellońska 39B
1204023;394;33-200;Sucharskiego 7
1412052;395;05-311;Warszawska 2
1803011;396;39-200;Nagawczyna 245F
1803011;397;39-200;Tuwima 4
1803011;398;39-200;J. Kraszewskiego 59
1803011;399;39-200;Jana Pawła II 56
1803011;400;39-200;Poddęby 15
1803011;401;39-200;Kościuszki 24
1805032;402;38-220;Dębowiec 584
1805032;403;38-220;Dębowiec 826
1435022;404;07-210;Pułaskiego 6
223022;405;55-095;Wiejska 64
2817022;406;12-120;Szczycieńska 32a
2805011;407;19-300;Kilińskiego 11
2805011;408;19-300;Słowackiego 24
2805011;409;19-300;Warszawska 3a
2805011;410;19-300;Sikorskiego 18
2805011;411;19-300;Matki Teresy z Kalkuty 3
2805011;412;19-300;Kilińskiego 47
2805011;413;19-300;Czesława Miłosza 2
2805011;414;19-300;A. Mickiewicza 44a
2605012;415;26-260;Leśna 2a
608032;416;21-136;Cmentarna 39A
602053;417;23-440;Biłgorajska 1f
1813032;418;37-734;Fredropol 41a
2802033;419;14-530;Mickiewicza 3
1819022;420;38-130;Rzeszowska 11A
2207022;421;82-520;Modrzewiowa 14
1403011;422;08-400;J. Korczaka 7
1403011;423;08-400;Targowa 1
1403011;424;08-400;Warszawska 39
2261000;425;80-266;Grunwaldzka 211
2261000;426;80-309;Hallera 233a
2261000;427;80-180;Warszawska 59
2261000;428;80-125;Kartuska 332
2261000;429;80-416;Hallera 167
2261000;430;80-765;Długie Ogrody 14
2261000;431;80-041;Krzemowa 1
2261000;432;80-299;Ossowski Zakątek 17
2261000;433;80-627;Kłosowa 1
2261000;434;80-769;Łąkowa 35-38
2261000;435;80-180;Wielkopolska 62
2261000;436;80-244;Grunwaldzka 100
2261000;437;80-283;Potokowa 15D
2261000;438;80-283;Myśliwska 102
2261000;439;80-298;Słowackiego 159
2261000;440;80-851;Karmelicka 1
2261000;441;80-180;Porębskiego 8
2261000;442;80-807;Chałubińskiego 27
2261000;443;80-399;Chłopska 16b
2261000;444;80-371;Jagiellońska 2a
2261000;445;80-286;Z. Nałkowskiej 1A
2261000;446;80-365;Jelitkowski Dwór 2
2261000;447;80-850;Rajska 6
2261000;448;80-537;Wyzwolenia 26
2261000;449;80-298;Kartuska 467
2261000;450;80-175;Jabłoniowa 46
2261000;451;80-299;Meteorytowa 11
2261000;452;80-395;Opolska 3
2261000;453;80-618;Wrzosy 1
2261000;454;80-333;Pomorska 25
2261000;455;80-538;Wolności 8
2261000;456;80-288;Piecewska 26
2261000;457;80-518;Gdańska 21L
2261000;458;80-461;Startowa 14
2261000;459;80-463;Rzeczypospolitej 33
2261000;460;80-374;Lecha Kaczyńskiego 5
2261000;461;80-807;Dragana 25
2261000;462;80-437;Wajdeloty 12
2261000;463;80-316;Kaprów 3
2261000;464;80-835;Tandeta 1/78
2261000;465;80-017;Trakt św. Wojciecha 149
2261000;466;80-104;Kartuska 26
2261000;467;80-180;Guderskiego 10
2261000;468;80-809;Worcella 44
2261000;469;80-171;Beethowena 11a
2261000;470;80-034;Wawelska 2a
2261000;471;80-376;Czerwony Dwór 24
2261000;472;80-041;Fieldorfa 2
2261000;473;80-381;Droszyńskiego 28a
2261000;474;80-374;Lecha Kaczyńskiego 20
2261000;475;80-809;Cieszyńskiego 1a
2261000;476;80-280;Norwida 15
2261000;477;80-288;Rakoczego 17
2261000;478;80-170;Paderewskiego 9
2261000;479;80-122;Kartuska 257
2261000;480;80-126;Piekarnicza 24
2261000;481;80-299;Wacława Balcerskiego 2
2261000;482;80-423;Bolesława Chrobrego 79E
2261000;483;80-531;Sucha 31
2261000;484;80-299;ul. Balcerskiego 12
2261000;485;80-299;Koziorożca 38
2261000;486;80-138;Kartuska 406
2261000;487;80-462;aleja Jana Pawła II 16/18
2262000;488;81-589;Wiczlińska 45A
2262000;489;81-116;Bosmańska 45
2262000;490;81-597;Iwaszkiewicza 1
2262000;491;81-350;Pl. Kaszubski 15
2262000;492;81-372;Świętojańska 36
2262000;493;81-583;Wzgórze Barnardowo 304
2262000;494;81-168;Rymarska 42
2262000;495;81-578;Wiczlińska 67
2262000;496;81-472;Legionów 112
2262000;497;81-021;Chylońska 126
2262000;498;81-303;Korzenna 19/4
2262000;499;81-064;Chylońska 42A
2262000;500;81-175;W. Sikorskiego 2A
2262000;501;81-157;Ledóchowskiego 4A
2262000;502;81-016;Chylońska 251
2262000;503;81-244;Morska 70A/B
2262000;504;81-589;Sojowa 35
2262000;505;81-181;Unruga 5a
2262000;506;81-155;Pułkownika Stanisława Dąbka 193
2262000;507;81-213;Opata Hackiego 12
2262000;508;81-661;II Morski Pułk Strzelców 1
2262000;509;81-602;Chwarznieńska 91b
2262000;510;81-386;Bema 22/24
2262000;511;81-602;Chwarznieńska 178a
2262000;512;81-616;Strażacka 2
2262000;513;81-411;M. Kopernika 36
2262000;514;81-506;Halicka 7a
2262000;515;81-577;Rdestowa 160
1219022;516;32-420;Krakowska 1019
3020042;517;63-308;Kaliska 2a
2806011;518;11-500;Przemysłowa 15
2806011;519;11-500;Wilanowska 5
2806011;520;11-500;Kolejowa 24
2806011;521;11-500;Smętka 3
2806011;522;11-500;1 Maja 38
1402033;523;06-450;Płocka 30
2466000;524;44-100;Kozielska 2
2466000;525;44-100;Żwirki i Wigury 62
2466000;526;44-102;O. Kolberga 41
2466000;527;44-100;Marzanki 21
2466000;528;44-100;Bojkowska 19
2466000;529;44-100;Lipowa 35
2466000;530;44-122;Żurawia 3
2466000;531;44-113;Przyszowska 147
2466000;532;44-100;I. Daszyńskiego 135
2466000;533;44-121;Gomułki 1
2466000;534;44-105;Paderewskiego 56
2466000;535;44-119;Jedności 4
2466000;536;44-100;ul. Chorzowska 44B
2466000;537;44-100;Dworcowa 44
2466000;538;44-103;ul. Beskidzka 22
2466000;539;44-100;Dubois 16
2466000;540;44-121;Czwartaków 13
2466000;541;44-117;Toszecka 129
2466000;542;44-100;Kozielska 33
2466000;543;44-121;Kozielska 111
2214023;544;83-140;Kościuszki 10
2215052;545;84-250;Pomorska 56
407033;546;88-140;Rynek 3
3003011;547;62-200;Biskupińska 31
3003011;548;62-200;Witkowska 11A
3003011;549;62-200;Paczkowskiego 18
3003011;550;62-200;Roosevelta 83
3003011;551;62-200;Myśliwiecka 74
3003011;552;62-200;A. Mickiewicza 2
3003011;553;62-200;Kostrzewskiego 60
3003011;554;62-200;Poznańska 45
1202052;555;32-864;
3007042;556;62-872;Ostrowska 5a
1605013;557;47-320;Strzelecka 17A
3204023;558;72-100;Dworcowa 9
3204023;559;72-100;Aleksandra Puszkina 1
2403072;560;43-440;Cieszyńska 10
3010013;561;62-590;Słowackiego 5
405011;562;87-400;Sokołowska 4
1012042;563;97-545;Wojska Polskiego 7A
1205011;564;38-300;Garncarska 15
1205011;565;38-300;T. Kościuszki 42B
1205011;566;38-300;Biecka 64A
1010032;567;97-350;Rynek 25
861000;568;66-400;J. Matejki 46
861000;569;66-400;Popławskiego 72
861000;570;66-400;Kościuszki 15
861000;571;66-400;Olimpijska 7
861000;572;66-400;Żwirowa 25
861000;573;66-400;30 Stycznia 7
861000;574;66-400;Mościckiego 13
861000;575;66-400;Okólna 28a
861000;576;66-400;Pionierów 3
861000;577;66-400;Przemysłowa 57
861000;578;66-400;Londyńska 4
861000;579;66-400;Al. Konstytucji 3 Maja 102
861000;580;66-400;Chemiczna 7
861000;581;66-400;Niepodległości 88
1608023;582;46-310;Towarowa 1
1404011;583;09-500;Kutnowska 8
1404011;584;09-500;Bema 9
3004023;585;63-800;Łąkowa 3
3004023;586;63-800;Poznańska 200
810011;587;68-130;Górna 2a
3028033;588;62-130;Jeziorna 12
2818033;589;19-500;Królewiecka 8
2818033;590;19-500;Zadumy 2
3208033;591;78-120;IV Dywizji Wojska Polskiego 37
1004042;592;99-150;Plac Kościuszki 1
3018033;593;63-520;Ostrzeszowska 6d
2004011;594;19-200;Dworna 27c
2004011;595;19-200;Pułku Strzelców Konnych 8
2004011;596;19-200;Konstytucji 3 Maja 4
1601033;597;49-200;Grunwaldzka 6
1601033;598;49-200;Kościuszki 6
1402052;599;06-460;Marii Konopnickiej 10A
406012;600;86-302;Chełmińska 44/46
406012;601;86-300;Mieszka I 3
406012;602;86-300;Śniadeckich 68
406012;603;86-300;Chełmińska 117
406012;604;86-300;Dworcowa 38/40
406012;605;86-300;Astrowa 2
406012;606;86-300;Włodka 16
406012;607;86-300;Rataja 4
406012;608;86-300;Nauczycielska 20
406012;609;86-300;Droga Kaszubska 3
406012;610;86-300;Łyskowskiego 60
406012;611;86-300;S. Wyspiańskiego 27
1210011;612;33-330;Kolejowa 2
3205023;613;72-300;Sportowa 12
3205023;614;72-300;3 Maja 21
3205023;615;72-300;3 Maja 11
3206043;616;74-100;Bolesława Chrobrego 40/42
3206043;617;74-100;Sportowa 2a
3206043;618;74-100;A. Asnyka 57
212013;619;59-620;Kolejowa 40
1406053;620;05-600;Mogielnicka 28
1406053;621;05-600;Laskowa 5
1406053;622;05-600;Armii Krajowej 50B
1820032;623;39-410;ul. Bajkowa 2
802011;624;66-620;Śląska 25
802011;625;66-620;Miodowa 28
204013;626;56-200;al. Jagiellonów 8
1418013;627;05-530;Wojska Polskiego 37
1418013;628;05-530;Rtm. Witolda Pileckiego 4
1418013;629;05-530;Kardynała Stefana Wyszyńskiego 18
2801021;630;11-220;Szkolna 2
402053;631;87-320;Nowe Osiedle 2
805022;632;69-113;Lipowa 1
1419063;633;09-530;al. Jana Pawła II 4
1816063;634;36-060;J. Piłsudskiego 24
1610023;635;48-250;Dworcowa 10
1610023;636;48-250;Skargi 15
1020011;637;95-015;Kopernika 33a
1020011;638;95-016;Sikorskiego 59
1602033;639;48-100;Pl. 1 Maja 3
1602033;640;48-100;Raciborska 1
1602033;641;48-100;S. Żeromskiego 12
1607013;642;48-340;Norwida 2
1607013;643;48-340;ul Grunwaldzka 1a
221053;644;58-340;Grunwaldzka 16A
1802042;645;36-213;Haczów 103
2005011;646;17-200;3 Maja 62
2005011;647;17-200;3 Maja 51a
2005011;648;17-200;Białowieska 5e
2407042;649;42-284;Lubliniecka 56b
604011;650;22-500;Kolejowa 43
604011;651;22-500;J. Piłsudskiego 57
2414021;652;41-407;Imielińska 156
407011;653;88-100;Konopnickiej 24a
407011;654;88-100;Dworcowa 35
407011;655;88-100;Szarych Szeregów 18
407011;656;88-100;Toruńska 90
407011;657;88-100;Świętokrzyska 38
407011;658;88-100;Solna 20
407011;659;88-100;Św. Ducha 42
407011;660;88-100;Błażka 11
407011;661;88-100;Poznańska 350
2403092;662;43-470;DW941 1651
606043;663;22-375;Lubelska 123b
418083;664;87-865;Kolska 16
2807011;665;14-200;Smolki 12a
2807011;666;14-200;Ostródzka 54
2807011;667;14-200;Królowej Jadwigi 6
2807011;668;14-200;Jana III Sobieskiego 43
2807011;669;14-200;Zalewska 31
810043;670;68-120;Żagańska 61e
2803032;671;13-240;Działdowska 1B
3214053;672;73-140;Armii Krajowej 27
1211052;673;34-480;Handlowa 1
1434062;674;05-280;Poniatowskiego 27B
407053;675;88-160;Główna 10
605053;676;23-300;Sienkiewicza 46
605053;677;23-300;Zamoyskiego 26
605053;678;23-300;Lubelska 2
2402052;679;43-385;Jasienica 1309
1802052;680;36-220;Jasienica
811043;681;68-320;Graniczna 1
2211023;682;84-140;A. Mickiewicza 125
3031023;683;64-915;Wojska Polskiego 31
3031023;684;64-915;Roosevelta 6
2467000;685;44-335;Warszawska 5
2467000;686;44-330;Marusarzówny 28
2467000;687;44-335;Pszczyńska 6-8
2467000;688;44-335;Warmińska 2B
2467000;689;44-335;Turystyczna 49A
2467000;690;44-335;Podhalańska 1
2467000;691;44-335;Harcerska 1a
2467000;692;44-335;Rybnicka 11
2467000;693;44-268;Powstańców Śląskich 82
2467000;694;44-336;Niepodleglości 180
2467000;695;44-335;Aleja Józefa Piłsudskiego 68
1805011;696;38-200;Rafineryjna 4e
1805011;697;38-200;Szkolna 21
1805011;698;38-200;Kazimierza Wielkiego 23
1805011;699;38-200;Mickiewicza 108
1805011;700;38-200;3 Maja 32
1805011;701;38-200;Przemysłowa 6C
205011;702;59-400;Limanowskiego 13
205011;703;59-400;Piłsudskiego 7-8
205011;704;59-400;Słowackiego 44
2402062;705;43-384;Bielska 37
219043;706;58-140;1 Maja 1
1807043;707;38-460;Sienkiewicza 19
221021;708;58-330;Piastowska 9
1422042;709;06-323;Warszawska 12C
2007013;710;18-420;Wojska Polskiego 26
215033;711;55-230;Oławska 27
215033;712;55-220;Sowia 17
261000;713;58-560;Wita Stwosza 17
261000;714;58-506;Wiejska 24
261000;715;58-500;Wolności 25A
261000;716;58-500;1 Maja 49
261000;717;58-506;Jana Pawła 31a
261000;718;58-506;Elsnera 1a
261000;719;58-560;Krośnieńska 1B
261000;720;58-570;Cieplicka 217
261000;721;58-500;Głowackiego 1
261000;722;58-506;Wrocławska 73
261000;723;58-500;Sudecka 42A
261000;724;58-500;Jana III Sobieskiego 58
2814063;725;11-320;Kopernika 30
1812032;726;37-430;Jeżowe 652b
1021042;727;95-047;Brzezińska 30A
1803052;728;39-225;Jodłowa 30A
1215011;729;34-240;Piłsudskiego 78
2602023;730;28-300;Reymonta 24
2602023;731;28-300;Jasionka 15a
1415052;732;07-420;Handlowa 1
2413011;733;42-660;1 Maja 1B
3061000;734;62-800;Skłodowskiej Curie 12-14
3061000;735;62-800;Podmiejska 32A
3061000;736;62-800;Al. Wojska Polskiego 116
3061000;737;62-800;S. Wyszyńskiego 42a
3061000;738;62-800;Konopnickiej 33
3061000;739;62-800;Babina 16
3061000;740;62-800;Młynarska 131
3203033;741;78-540;Dworcowa 1b
207011;742;58-400;Wałbrzyska 25
207011;743;58-400;Nadrzeczna 1B
207011;744;58-400;Waryńskiego 11A
413013;745;89-430;Chojnicka 1A
3207033;746;72-400;Bolesława Krzywoustego 1
3207033;747;72-400;Jana Długosza 27
1012053;748;97-360;Słowackiego 121
1417043;749;05-480;Bema 3
1417043;750;05-480;Świderska 31
809043;751;66-120;Rynek 23
3201033;752;78-230;Koszalińska 85c
206011;753;58-540;Konstytucji  3 Maja 45A
206011;754;58-540;Konstytucji  3 Maja 5
2205023;755;83-300;Dworcowa 14
2205023;756;83-300;A. Mickiewicza 2
2205023;757;83-300;Os. Wybickiego 3b
2469000;758;40-645;Radockiego 150
2469000;759;40-302;Gen. Le Ronda 13
2469000;760;40-384;Ks. Bkp.Bednorza 2a-6
2469000;761;40-468;Gliwicka 125A
2469000;762;40-237;1 Maja 126A
2469000;763;40-843;Michejdy 17
2469000;764;40-467;Zawiszy Czarnego 8
2469000;765;40-748;Uniczowska 20
2469000;766;40-007;Uniwersytecka 12
2469000;767;40-710;Zielonogórska 1
2469000;768;40-143;Strażacka 19
2469000;769;40-555;Kępowa 56
2469000;770;40-474;Wojciecha 57
2469000;771;40-189;Leopolda 15
2469000;772;40-282;Paderewskiego 35
2469000;773;40-404;Oswobodzenia 66
2469000;774;40-698;Armii Krajowej 3
2469000;775;40-081;Dąbrówki 13
2469000;776;40-754;Kijowska 42
2469000;777;40-887;Ułańska 10
2469000;778;40-453;Mysłowicka 84
2469000;779;40-706;T. Kościuszki 229
2469000;780;40-231;Roździeńskiego 97
2469000;781;40-749;Szebesty 2
3010032;782;62-530;Golińska 10
2603033;783;28-500;Kolejowa 27B
1412093;784;05-310;Polna 6
1412093;785;05-124;Nowodworska 57
1814053;786;37-220;Węgierska 39
3024032;787;64-530;Szamotulska 19
410013;788;89-240;Poznańska 36
2661000;789;25-408;Jana Nowaka Jeziorańskiego 71
2661000;790;25-011;Karczówkowska 1
2661000;791;25-324;Sandomierska 89
2661000;792;25-338;Zagórska 3a
2661000;793;25-634;Meissnera 22
2661000;794;25-113;Wapiennikowa 40
2661000;795;25-504;Czarnowska 14
2661000;796;25-323;Al. Solidarności 20
2661000;797;25-608;Jagiellońska 25
2661000;798;25-411;Szydłówek Górny 10
2661000;799;25-614;1 Maja 156
2661000;800;25-636;al. Szajnowicza-Iwanowa 17
2661000;801;25-211;Wrzosowa 95
2661000;802;25-146;Leśniówka 112
2661000;803;25-394;Tarnowska 4
2661000;804;25-325;Poleska 50
2661000;805;25-029;Krakowska 177A
1602043;806;48-130;Raciborska 1
2608022;807;28-404;Piastowska 1
408052;808;87-620;Rypińska 11
3003042;809;62-280;Dworcowa 30
2005073;810;17-250;Kolejowa 22
2609033;811;27-640;Słoneczna 3
1604023;812;46-200;Jagiellońska 7
1604023;813;46-200;Wołczyńska 4
1604023;814;46-200;Ossowskiego 60a
1212042;815;32-310;Zawierciańska 8
2405011;816;44-190;Parkowa 2
2405011;817;44-194;Szpitalna 9
2405011;818;44-190;Niepodległości 9
2405011;819;44-190;Witosa 4
2008043;820;19-120;Szkolna 4
223052;821;55-040;Robotnicza 59
2410022;822;43-210;Ołtuszewskiego 2
3018042;823;63-507;Konopnickiej 1A
3012023;824;63-740;al. Powstańców Wielkopolskich 47A
1434011;825;05-230;Napoleona 1b
1434011;826;05-230;Nadarzyńska 67
1005062;827;99-414;Kocierzew 149
608063;828;21-150;Gen. Franciszka Kleeberga 8
1806023;829;36-100;Obrońców Pokoju 1
1806023;830;36-100;ul. Ks. Ruczki 1a
1806023;831;36-100;Tarnobrzeska 25
1611033;832;47-110;1 Maja 8
1006073;833;95-040;Piękna 1
1006073;834;95-040;Słowackiego 22
3021072;835;62-052;Pocztowa 5
2404063;836;42-230;Armii Krajowej 8
3062000;837;62-500;Wał Terejwy 8
3062000;838;62-501;Chopina 30
3062000;839;62-510;Jana Pawła II 78
3062000;840;62-504;Piłsudskiego 2
3062000;841;62-510;Spółdzielców 50
3062000;842;62-510;Przyjaźni 6
609082;843;20-050;Szerokie 128
1008011;844;95-050;Zgierska 21a
1008011;845;95-050;Łaska 12
1008011;846;95-050;Jana Pawła II 11/13
1807052;847;38-420;Rynek 18B
1607033;848;48-317;Kościuszki 11
403043;849;86-010;Pl. Zwycięstwa 21
403043;850;86-010;Al. Jana Pawła II 2
2808043;851;11-430;Mickiewicza 27
1210062;852;33-322;Korzenna 251
2211052;853;81-198;Żeromskiego 32
3021083;854;62-025;Wrzesińska 5
3021083;855;62-025;Poznańska 116
801011;856;66-470;Żeglarska 1
801011;857;66-470;Niepodległości 9
3261000;858;75-430;Prosta 4
3261000;859;75-350;Jana Pawła II 15a
3261000;860;75-736;4 Marca 33
3261000;861;75-215;Morska 53
3261000;862;75-015;Andersa 15
3261000;863;75-852;Doktora Andrzeja Zientarskiego 3
3261000;864;75-347;Władyslawa IV 64
3261000;865;75-343;Kwiatkowskiego 20
3261000;866;75-211;Bohaterów Warszawy 29
3261000;867;75-072;Połtawska 6a
3261000;868;75-841;Poprzeczna 1
3261000;869;75-671;Zwycięstwa 282
3261000;870;75-203;Okrzei 3
3261000;871;75-430;Holenderska 72
3261000;872;75-950;Połczyńska 146
2407062;873;42-286;Ligonia 12b
1429053;874;08-330;Polna 3D
3006032;875;63-220;Poznańska 42
418011;876;87-820;Kołłątaja 28
2813032;877;19-420;Witosa 2
405043;878;87-410;Batalionów Chłopskiech 10
206021;879;58-530;J. Matejki 3
2402072;880;43-340;Bielska 31A
1805053;881;38-213;Burmistrza Wiejowskiego 22
3009011;882;62-600;Włocławska 16b
3009011;883;62-600;Toruńska 117A
3009011;884;62-600;Słowackiego 3a
3208011;885;78-100;Trzebiatowska 29
3208011;886;78-100;Okopowa 13a
3208011;887;78-100;Wojska Polskiego 15
3208011;888;78-100;Tarnowskiego 3
3208011;889;78-100;Jedności Narodowej 127
3208011;890;78-100;Toruńska 3
2605033;891;26-200;Warszawska 13
2605033;892;26-200;Kielecka 1
2605033;893;26-200;Partyzantów 11a
3011011;894;64-000;Kaźmierczaka 29
3009082;895;62-604;Unii Europejskiej 1
2206011;896;83-400;M. Curie-Skłodowskiej 34
2206011;897;83-400;Kamienna 2
2206011;898;83-400;Wrzosowa 45
3007053;899;62-840;Słowiki Pierwsze 3H
804043;900;67-120;Nowosolna 47
1261000;901;30-211;Piastowska 49
1261000;902;31-229;Pachońskiego 8
1261000;903;31-867;Os. II Pułku Lotniczego 1
1261000;904;30-836;Jerzmanowskiego 12a
1261000;905;30-611;Wysłouchów 22a
1261000;906;30-415;Rydlówka 10
1261000;907;30-707;Powstańców Wielkopolskich 18
1261000;908;31-422;Powstańców 3
1261000;909;30-426;Juliana Ursyna Niemcewicza 4
1261000;910;31-834;os. Jagiellońskie 20
1261000;911;31-416;Dobrego Pasterza 122a
1261000;912;30-644;Kamieńskiego 43
1261000;913;31-031;Berka Joselewicza 28
1261000;914;31-810;Os. Józefa Strusia 23
1261000;915;30-609;Tadeusza Połomskiego 14
1261000;916;30-349;Zygmunta Miłkowskiego 3/4
1261000;917;31-834;os. Jagiellońskie 19
1261000;918;31-261;Wybickiego 18
1261000;919;30-011;Wrocławska 28
1261000;920;31-637;Leopolda Okulickiego 51
1261000;921;30-868;Heleny 18
1261000;922;30-611;Beskidzka 30
1261000;923;30-864;Mała Góra 97
1261000;924;30-612;Porucznika Halszki 3a
1261000;925;31-423;Łepkowskiego 3
1261000;926;30-721;Lipska 28
1261000;927;31-236;Księdza Meiera 13
1261000;928;31-708;Os. Na Stoku 53
1261000;929;31-940;Os. Kolorowe 16A
1261000;930;30-693;ul. Łużycka 43f
1261000;931;31-566;Ofiar Dąbia 12
1261000;932;30-149;Balicka 157
1261000;933;31-618;Os. Złotego Wieku 51-52
1261000;934;31-154;Pawia 5a
1261000;935;31-222;Zygmunta Glogera 22
1261000;936;31-215;Żabiniec 93
1261000;937;31-621;Bohaterów Września 82
1261000;938;30-384;Drukarska 2
1261000;939;31-589;Sołtysowska 23d
1261000;940;30-668;Polonijna 13
1261000;941;30-551;Limanowskiego 3
1261000;942;30-740;Półłanki 12b
1261000;943;31-334;Władysława Łokietka 136
1261000;944;31-559;Stefana Rogozińskiego 6
1261000;945;30-010;Łokietka 5
1261000;946;31-231;Siewna 46
1261000;947;31-202;Prądnicka 65
1261000;948;31-217;Grażyny 4
1261000;949;31-870;Medweckiego 21
1261000;950;30-114;Kościuszki 71
1261000;951;30-126;Stańczyka 14
1261000;952;31-876;Al. Generała Bora Komorowskiego 41
1261000;953;32-085;Prof. A. Różańskiego 32
1261000;954;30-011;Wrocławska 67
1261000;955;31-612;Miśnieńska 87
1261000;956;30-383;Lubostroń 15
1261000;957;31-348;Chełmońskiego 255
1261000;958;30-243;Księcia Józefa 52
1261000;959;31-637;F. Kniaźnina 1
1261000;960;30-392;Karola Bunscha 2
1261000;961;31-010;Rynek Główny 34
1605023;962;47-303;Żeromskiego 11
1605023;963;47-303;3 Maja 36
1605023;964;47-300;Słowackiego 4
620043;965;22-440;3 Maja 49
606011;966;22-300;Zakręcie 2F
606011;967;22-300;PCK 7
606011;968;22-300;Nieczaja 2
2613022;969;29-105;Krasocin 1
607011;970;23-200;Urzędowska 472
607011;971;23-200;al. Tysiąclecia 9
607011;972;23-204;Niepodległości 16
607011;973;23-200;Chopina 10
3004033;974;63-840;Kasztelańska 3
1861000;975;38-400;Podkarpacka 3B
1861000;976;38-400;Naftowa 6
1861000;977;38-400;Bohaterów Westerplatte 20B
1861000;978;38-400;Grodzka 12-16
1861000;979;38-400;Bieszczadzka 27
1861000;980;38-400;Podkarpacka 26
802063;981;66-600;Wakacyjna 23
802063;982;66-600;ul. F. Chopina 8
3012043;983;63-700;Ostrowska 18
3012043;984;63-700;Koźmińska 22a
3012043;985;63-700;Zdunowska 56
213022;986;56-320;Szkolna 1
1002043;987;99-340;Toruńska 10
2806052;988;11-612;22 Lipca 18
407063;989;88-150;Kościuszki 31/34
1210073;990;33-380;Czarny Potok 7
3013012;991;64-120;Dworcowa 100
2406023;992;42-160;W. Andersa 5
1206063;993;32-065;T. Kościuszki 54
807012;994;66-435;Ogrodowa 1
3011043;995;64-010;Leszczyńska 4
3002043;996;64-761;Walki Młodych 12
2411042;997;47-450;Tworkowska 5
1008052;998;95-054;Łódzka 113/115
1208042;999;32-210;Stawowa 2A
3026033;1000;63-130;Radoszkowo Drugie 22
208031;1001;57-350;Zdrojowa 33
208031;1002;57-350;Główna 42C
614062;1003;24-170;Kilińskiego 8
1002011;1004;99-300;Jana Pawła II 1a
1002011;1005;99-300;Grunwaldzka 3
1002011;1006;99-300;Łąkoszyńska 166
1002011;1007;99-300;Mickiewicza 4
1002011;1008;99-300;T. Kościuszki 73
1002011;1009;99-300;Chodkiewicza 33
2411053;1010;47-420;Kozielska 2
2207011;1011;82-500;Słowackiego 4
2207011;1012;82-500;Warszawska 71
2207011;1013;82-500;Kopernika 7a
2207011;1014;82-500;Korczaka 3
2207011;1015;82-500;Malborska 1
3014022;1016;64-420;Powstańców Wielkopolskich 1a
3021093;1017;62-035;Woźniaka 1
223043;1018;55-080;Nowowiejska 2
1603011;1019;47-200;Piastowska 30A
1603011;1020;47-224;Kozielska 12
1603011;1021;47-225;Tuwima 3a
1603011;1022;47-232;Jana Pawła II 50A
1603011;1023;47-220;Łokietka 4
1603011;1024;47-220;Al. Armii Krajowej 38
3008033;1025;63-600;Kwiatowa 18
3008033;1026;63-600;Solidarności 13
2808011;1027;11-400;Pl. Słowiański 3
2808011;1028;11-400;Jagiełły 1
1213043;1029;32-650;Sienkiewicza 21
1213043;1030;32-650;Jana III Sobieskiego 22
3003053;1031;62-270;Armii Poznań 5
2406013;1032;42-100;Różana 10
2406013;1033;42-100;Staszica 48
801042;1034;62-650;Poznańska 9
801042;1035;66-415;700-lecia 1
208021;1036;57-300;Grunwaldzka 8
208021;1037;57-300;Noworudzka 2
208021;1038;57-300;Dusznicka 1b
2404052;1039;42-270;Zachodnia 1
1408011;1040;05-119;Zegrzyńska 5A
1408011;1041;05-120;Sowińskiego 2
1408011;1042;05-120;Reymonta 15a
1408011;1043;05-120;J.Siwińskiego 2
262000;1044;59-220;Górnicza 1a
262000;1045;59-200;Asnyka 27
262000;1046;59-200;Jagiellońska 19
262000;1047;59-220;E. Orzeszkowej 29
262000;1048;59-220;Rzeczpospolitej 14
262000;1049;59-220;Gwiezdna 3
262000;1050;59-220;Jaworzyńska 257
262000;1051;59-220;W. Sikorskiego 3
262000;1052;59-204;Jaworzyńska 17-19
262000;1053;59-220;Dworcowa 5
262000;1054;59-220;Bieszczadzka 2
262000;1055;59-220;Złotoryjska 170a
1821033;1056;38-600;Stawowa 16
1418032;1057;05-506;Słoneczna 314a
1418032;1058;05-506;Słoneczna 126
1601043;1059;49-340;Moniuszki 8e
210033;1060;59-820;Baworowo 65B
1808011;1061;37-300;Mickiewicza 80
1808011;1062;37-300;Sanowa 40
1203043;1063;32-590;Wojska Polskiego 4
1203043;1064;32-590;11 Listopada 26
2809011;1065;11-100;Wiejska 11
2809011;1066;11-100;Lipowa 5
2809011;1067;11-100;Olsztyńska 6B
1207011;1068;34-600;J. Piłsudskiego 24a
1207011;1069;34-600;Matki Boskiej Bolesnej 20
2215062;1070;84-223;Łąkowa 5
3212033;1071;74-240;Jedności Narodowej 9
408011;1072;87-600;3 Maja 21
408011;1073;87-600;Włocławska 9
2001043;1074;16-315;Kościelna 8a
2206062;1075;83-424;Wybickiego 22
404042;1076;86-230;Wybudowanie Wąbrzeskie 4
1216032;1077;33-140;Tarnowska 7A
1809011;1078;37-600;Mickiewicza 103
1809011;1079;37-600;Płk. Dąbka 2D
608011;1080;21-100;Al. Tysiąclecia 2
608011;1081;21-108;Lubelska 98-100
608011;1082;21-100;Gen. Kleberga 2
2807021;1083;14-260;Kopernika 3
2807021;1084;14-260;Wyzwolenia 3a
2807021;1085;14-260;Nowa Sadowa 6
207033;1086;58-420;Kamiennogórska 39
210011;1087;59-800;Dąbrowskiego 2
210011;1088;59-800;Robotnicza 11c
210011;1089;59-800;Esperantystów 1C
2213062;1090;83-240;Starogardzka 2
415042;1091;87-162;Dworcowa 32
418113;1092;87-840;Kaliska 141
211011;1093;59-300;Wyszyńskiego 8
211011;1094;59-300;Jana Pawła II 78
211011;1095;59-300;Kościuszki 12
211011;1096;59-300;Bema 1
211011;1097;59-300;Szpakowa 4
211011;1098;59-300;Wrocławska 7
211011;1099;59-300;Leszczynowa 27c
211011;1100;59-335;Budowniczych LGOM 24
211011;1101;59-300;Legnicka 65
211011;1102;59-300;Miroszowicka 6
663000;1103;20-863;Górska 11
663000;1104;20-105;Zamojska 26
663000;1105;20-411;Wolska 8a
663000;1106;20-632;Jana Sawy 1a
663000;1107;20-128;Lwowska 12F
663000;1108;20-337;Pogodna 48
663000;1109;20-471;Diamentowa 19I/H
663000;1110;20-810;Sławinkowska 49b
663000;1111;20-492;Woronieckiego 12
663000;1112;20-537;Ruciana 4
663000;1113;20-209;Mełgiewska 4a
663000;1114;20-829;Główna 1-3
663000;1115;20-701;Nałęczowska 24
663000;1116;20-095;Sapiehy 2
663000;1117;20-234;Hetmańska 2
663000;1118;20-143;Magnoliowa 1
663000;1119;20-816;Choiny 1
663000;1120;20-535;Jana Pawła II 23
663000;1121;20-442;Abramowicka 10A
663000;1122;20-445;Zemborzycka 78-80
663000;1123;20-719;Gęsia 16
663000;1124;20-576;Bursztynowa 39
663000;1125;20-218;Hutnicza 1a
663000;1126;20-314;Krzemionki 3
663000;1127;20-322;Lotnicza 5
663000;1128;20-108;Unii Lubelskiej 2
663000;1129;20-400;Bolesława Prusa 8
663000;1130;20-147;Spółdzielczości Pracy 88
663000;1131;20-400;Okopowa 3
663000;1132;20-028;Lipowa 1
2407011;1133;42-700;Powstańców Śląskich 54
2407011;1134;42-700;Stalmacha 9
2407011;1135;42-700;Oleska 20
807023;1136;69-210;Jana Pawła II 55
3021011;1137;62-030;Żabikowska 71
3021011;1138;62-031;W. Sikorskiego 44
418123;1139;87-890;Aleja Lipowa 1a
811063;1140;68-300;Wrocławska 88
811063;1141;68-300;Wrocławska 3A
1018043;1142;98-360;Wieruszowska 44
2215072;1143;84-242;Wilczka 46
3015023;1144;64-310;Pniewska 53b
212033;1145;59-600;E. Orzeszkowej 17
212033;1146;59-600;Oświęcimska 3
212033;1147;59-600;Jaśkiewicza 4
208083;1148;57-540;Śnieżna 45
2208011;1149;84-300;Waryńskiego 18
2208011;1150;84-300;Armii Krajowej 34
2208011;1151;84-301;Krzywoustego 7
2208011;1152;84-300;Kossaka 41
2208011;1153;84-300;Armii WP 12
2208011;1154;84-351;Żeromskiego 13
2414031;1155;43-143;Hołdunowska 18a
1403072;1156;05-090;ul
1411011;1157;06-200;Moniuszki 32
1411011;1158;06-200;Ciechanowska 2
1215063;1159;34-220;Kolejowa 2
1215063;1160;34-220;Wolności 29-31
2209011;1161;82-200;ul. Sucharskiego 2
2209011;1162;82-200;Koszalińska 3
2209011;1163;82-200;Sienkiewicza 20a
2209011;1164;82-200;Al. Wojska Polskiego 54
2209011;1165;82-200;Główna 2
219052;1166;58-124;Świdnicka 12
3001043;1167;64-830;Cmentarna 19a
1434021;1168;05-270;Bandurskiego 20B
1434021;1169;05-270;Fabryczna 72
1434021;1170;05-270;Piłsudskiego 119
1434021;1171;05-270;Al. Marsz. Józefa Piłsudskiego 200a
614072;1172;24-173;Lubelska 76
1416052;1173;07-320;Biegańskiego 74/7
2602033;1174;28-366;Chęcińska 78m
810053;1175;67-320;Małynicza 5
1813062;1176;37-732;Medyka 405
2413021;1177;42-610;Woźnicka 20a
1206082;1178;32-091;Krakowska 247
2002073;1179;16-050;Białostocka 1
608082;1180;21-140;Tysiąclecia 11
1208053;1181;32-200;Racławicka 43c
1208053;1182;32-200;Daneckiej 2
1807072;1183;38-430;Handlowa 4
3022033;1184;63-910;Plac 700-lecia 4
1811011;1185;39-300;Drzewieckiego 1
1811011;1186;39-300;Warneńczyka 11
1811011;1187;39-300;Piaskowa 2
1811011;1188;39-300;al. Niepodległości 13
1811011;1189;39-300;Legionów 80
1811011;1190;39-300;Sandomierska 6
1811011;1191;39-300;Jagiellończyka 29
1811011;1192;39-300;Rzochowska 57
3209053;1193;76-032;Bolesława Chrobrego 4
221063;1194;58-350;Wolności 25
3206053;1195;74-505;Poniatowskiego 51
3028042;1196;62-290;Św. Huberta 1
2810023;1197;11-730;Dąbrowskiego 2
2408021;1198;43-190;Podleska 8A
2408021;1199;43-190;Młyńska 11
3018063;1200;63-510;Wrocławska 2
1405011;1201;05-822;Piłsudskiego 3
1405011;1202;05-822;Królewska 21
610042;1203;21-020;Partyzancka 123A
213033;1204;56-300;Armii Krajowej 16-18
213033;1205;56-300;Trzebnicka 4a
213033;1206;56-300;Krotoszyńska 5
3217033;1207;78-650;Wolności 10
212043;1208;59-630;W. Sikorskiego 3A
2611032;1209;27-220;Mirzec 3b
214053;1210;56-513;Wrocławska 67
3014033;1211;64-400;Piłsudskiego 47
3014033;1212;64-400;17 Stycznia 143
3014033;1213;64-400;Św. Jana Pawła II 40A
208103;1214;57-530;Warszawska 2A
601011;1215;21-560;ul. Partyzantów 6b
601011;1216;21-560;Brzeska 31
601011;1217;21-560;Warszawska 36
803023;1218;66-300;Wojska Polskiego 3
803023;1219;66-300;30 Stycznia 58
803023;1220;66-300;Bolesława
3207043;1221;72-500;Gryfa Pomorskiego 25
3207043;1222;72-500;Nowomyśliwska 102
218032;1223;55-330;Wrocławska 1
2815063;1224;14-310;Daszyńskiego 6
2815073;1225;14-140;Pasłęcka 1
3030023;1226;62-320;Poznańska 10
1412011;1227;05-300;Dąbrówki 30
1412011;1228;05-300;Orzeszkowej 23
1412011;1229;05-300;Mrozowska 7
605063;1230;23-310;Piłsudskiego 97
1406073;1231;05-640;Kościelna 2
409033;1232;88-300;Powstańców Wlkp. 46
409033;1233;88-300;Hallera 22b
2604123;1234;26-026;Kielecka 29A
3206063;1235;74-503;Lipowa 7
2815083;1236;14-300;Wróblewskiego 1
2815083;1237;14-300;Jagiełły 1
2815083;1238;14-300;Dworcowa 11a
3021103;1239;62-050;Farbiarska 30
1010062;1240;97-310;Piotrkowska 15a
2008063;1241;19-100;Wojska Polskiego 61
2008063;1242;19-100;Dworcowa 9/11
410023;1243;89-115;Nakielska 2
1412123;1244;05-320;Graniczna 1
2810011;1245;11-700;Os. Brzozowe 10
2810011;1246;11-700;I Armii Wojska Polskiego 25
2810011;1247;11-700;Rynkowa 20
2810011;1248;17-100;Wolności 4e
1207021;1249;34-730;Krakowska 3
1207021;1250;34-730;Starowiejska 2m
3021113;1251;62-095;Gen. Kutrzeby 1
3021113;1252;62-095;Poznańska 15
1210113;1253;33-370;Kity 12
2409011;1254;42-300;W. Sikorskiego 18A
2409011;1255;42-300;Pułaskiego 7B
1415083;1256;07-430;Stefanowicza 47
206072;1257;58-533;Szkolna 17
2470000;1258;41-400;Powstańców 6
2470000;1259;41-408;Piastow Śląskich 19
2470000;1260;41-400;Wielka Skotnica 31
2470000;1261;41-400;Mikołowska 42
2470000;1262;41-400;Armii Krajowej 38
2470000;1263;41-400;Oświęcimska 13
2470000;1264;41-400;Brzęczkowicka 2
2470000;1265;41-404;Laryska 87
2470000;1266;41-400;Katowicka 64
2470000;1267;41-412;Gen. J. Ziętka 45
1209033;1268;32-400;Słowackiego 70
1209033;1269;32-400;Słowackiego 112c
3210043;1270;74-300;Lipowa 7
3210043;1271;74-300;Niedziałkowskiego 4
3210043;1272;74-300;Królewiecka 1B
1413011;1273;06-500;Staszewskiego 12a
1413011;1274;06-500;Grzebskiego 29
1413011;1275;06-500;Książąt Mazowieckich 14
1413011;1276;06-500;H. Sienkiewicza 12
1413011;1277;06-500;Zachodnia 35
410033;1278;89-100;Gimnazjalna 4
410033;1279;89-100;Potulicka 4b
410033;1280;89-100;Mrotecka 35
1606023;1281;46-100;Oławska 30a
1606023;1282;46-100;Stawowa 1A
1414043;1283;05-190;Elektronowa 3H
614083;1284;24-150;Bochotnica Kolonia 20a
3030033;1285;62-330;Wiosny Ludów 2a
2811043;1286;13-100;Olsztyńska 8
2811043;1287;13-100;Mickiewicza 5
1819032;1288;38-114;Niebylec 207A
609102;1289;24-220;Lubelska 61a
609112;1290;21-025;Parkowa 1
202073;1291;58-230;B. Chrobrego 54
1609073;1292;49-100;Opolska 7
1219043;1293;32-005;Na Tamie 7
1219043;1294;32-005;Płaszowska 2
1812053;1295;37-400;Kwiatkowskiego 1d
1812053;1296;37-400;Sandomierska 13
1820043;1297;39-460;Jasna 3
1820043;1298;39-460;Krzywoń 9
208041;1299;57-400;Teatralna 18
208041;1300;57-402;Słupiecka 7a
208041;1301;57-400;Marsz. J. Piłsudskiego 33a
1808053;1302;37-310;J. Korczaka 5
804011;1303;67-100;Wojska Polskiego 51
804011;1304;67-100;Zielonogórska 89
804011;1305;67-100;Głowackiego 1B
804011;1306;67-100;Aleksandra Fredry 1/u1
804011;1307;67-100;Przemysłowa 36
414063;1308;86-170;Bydgoska 18
804063;1309;67-124;Szosa Bytomska 11
2812011;1310;13-300;Grunwaldzka 19
2812011;1311;13-300;Jagiellońska 40I
2812011;1312;13-300;Działyńskich 12A
2604172;1313;26-052;Przemysłowa 6
3204043;1314;72-203;Warszawska 9
3204043;1315;72-200;Bohaterów Warszawy 103a
3204043;1316;72-200;Gen. Józefa Bema 10a
201043;1317;59-730;Adama Asnyka 62
2007043;1318;18-414;Stacha Konwy 5/3
2210023;1319;82-100;Warszawska 2f
1414011;1320;05-101;Mazowiecka 15
1414011;1321;05-100;Harcerska 2
1414011;1322;05-100;Leśna 2
2209073;1323;82-230;Westerplatte 23
1262000;1324;33-300;Tarnowska 17
1262000;1325;33-300;Węgierska 175
1262000;1326;33-300;I Brygady 4a
1262000;1327;33-300;pl. J. H. Dąbrowskiego 1a
1262000;1328;33-300;Zdrojowa 32
1262000;1329;33-300;Batalionów Chłopskich 18
1262000;1330;33-300;Piłsudskiego 106
1262000;1331;33-300;Krakowska 49
1262000;1332;33-300;Zielona 64
1262000;1333;33-300;Prażmowskiego 11
1211011;1334;34-400;Ludźmierska 26a
1211011;1335;34-400;Królowej Jadwigi 17
1211011;1336;34-400;Plac Evry 1
1211011;1337;34-400;Lotników 4
3015043;1338;64-300;Witosa 7
3015043;1339;64-300;Komunalna 53
1201063;1340;32-720;Bocheńska 26
1805072;1341;38-230;Mytarz 1
1607053;1342;48-300;Karola Miarki 8
1607053;1343;48-300;Kilińskiego 2
1607053;1344;48-303;B. Prusa 9A
1607053;1345;48-300;Kadłubka 5
1607053;1346;48-300;Racławicka 8
1607053;1347;48-303;Krasińskiego 29
3016013;1348;64-600;Obrzycka 58/60
220013;1349;55-120;Wrocławska 29-31
3024011;1350;64-520;Dworcowa 4A
3017033;1351;63-430;Krotoszyńska 29
2416063;1352;42-440;pl. Wolności 37
3031053;1353;64-965;Niepodległości 29c
2813043;1354;19-400;Nocznickiego 20
2813043;1355;19-400;Gołdapska 31
2813043;1356;19-400;Wojska Polskiego 18
1809063;1357;37-630;
214011;1358;56-400;Kilińskiego 4-4b
214011;1359;56-400;ul. 3 Maja 39
214011;1360;56-400;Wojska Polskiego 32
214011;1361;56-400;Wrocławska 17
1212053;1362;32-300;Tadeusza Kościuszki 34
1212053;1363;32-300;Marii Curie-Skłodowskiej 45
1212053;1364;32-300;Sławkowska 13
1212053;1365;32-300;Oskara Kolberga 1
1415092;1366;07-415;Broniewskiego 2a
2814093;1367;11-015;K. Mrongowiusza 24
210053;1368;59-830;Wolnosci 38
3015053;1369;64-330;Sienkiewicza 27
3015053;1370;64-330;Poznańska 70
1661011;1371;45-231;Oleska 104
1661011;1372;45-302;Wiejska 141b
1661011;1373;45-835;Wrocławska 156
1661011;1374;45-754;Chełmońskiego 2
1661011;1375;45-703;Wrocławska 3
1661011;1376;45-854;Niemodlińska 77
1661011;1377;45-641;Oświęcimska 98
1661011;1378;45-470;Grudzicka 51
1661011;1379;45-018;Krakowska 45-47
1661011;1380;45-349;Fabryczna 1
1661011;1381;46-220;Ignacego Kwiasowskiego 14
1661011;1382;45-368;Ozimska 48
1661011;1383;45-309;Ozimska 189
1661011;1384;45-560;Jagiellonów 91
612053;1385;24-300;Lubelska 32
612053;1386;24-300;Fabryczna 38c
3023032;1387;62-436;Wyzwolenia 38
2809053;1388;11-130;Olsztyńska 27
2809053;1389;11-130;Dworcowa 2
2408031;1390;43-180;Rynek 12
2408031;1391;43-180;Centralna 270
2816023;1392;12-250;Mickiewicza 2A
414072;1393;86-150;Dworcowa 9D
403062;1394;86-031;Ziołowa 2
411042;1395;88-220;Włocławska 1
1017052;1396;98-320;Częstochowska 53A
3024053;1397;64-560;Jaworowa 3
2607011;1398;27-400;Os. Stawki 46
2607011;1399;27-400;Okólna 5
2607011;1400;27-400;Traugutta 5
2607011;1401;27-400;Polna 9a
2607011;1402;27-400;Długa 2B
2607011;1403;27-400;Waryńskiego 32
2607011;1404;27-400;Sandomierska 89
2607011;1405;27-400;Bałtowska 247
2607011;1406;27-400;Adama Mickiewicza 28
3023042;1407;62-402;ul. Polna 2
1461000;1408;07-400;Bogusławskiego 2
1461000;1409;07-401;Aleja Wojska Polskiego 22
1461000;1410;07-412;Sienkiewicza 53
1461000;1411;07-410;Goworowska 34
1461000;1412;07-410;Steyera 2d
1461000;1413;07-411;Słowackiego 31A
1461000;1414;07-410;Bohaterów Warszawy 29
1461000;1415;07-410;Hallera 15
1461000;1416;07-410;Stacha Konwy 3D
1461000;1417;07-410;Goworowska 24
3018073;1418;63-500;Zamkowa 52
3018073;1419;63-500;Sportowa 7
2815011;1420;14-100;Wojska Polskiego 12
2815011;1421;14-100;Grunwaldzka 41
2815011;1422;14-100;Stapinskiego 13
2815011;1423;14-100;Mickiewicza 34a
608103;1424;21-110;Nowy Świat 1
1416011;1425;07-300;3 Maja 98
1416011;1426;07-300;Duboisa 20
1416011;1427;07-300;Broniewskiego 33
3017011;1428;63-400;Konopnickiej 2a
3017011;1429;63-400;Głowackiego 69
3017011;1430;63-400;Kolejowa 32A
3017011;1431;63-400;Jerzego Ofierskiego 1
3017011;1432;63-400;Mertki 12
3017011;1433;63-400;Budowlanych 1
3017011;1434;63-400;Grabowska 115
3017011;1435;63-400;Ks. Czesława Majorka 1
1607063;1436;48-385;Sienkiewicza 5
1417021;1437;05-400;Kołłątaja 61a
1417021;1438;05-400;Batorego 32
1417021;1439;05-402;Reymonta 43
1417021;1440;05-400;Wawerska 22
1609083;1441;46-040;Sportowa 1a
1609083;1442;46-040;Kolejowa 2
1020021;1443;95-035;Starzyńskiego 30
1020021;1444;95-035;Południowa 10
215011;1445;55-200;Kilińskiego 2a
215011;1446;55-200;3 Maja 2c
215011;1447;55-200;Kutrowskiego 48
215011;1448;55-200;3 Maja 51A
215011;1449;55-200;Nowy Otok 11
805033;1450;69-220;3 Maja 7
1213011;1451;32-600;Zaborska 22
1213011;1452;32-600;Konopnickiej 2A
1213011;1453;32-600;Garbarska 1a
1213011;1454;32-600;Chemików 1
2606053;1455;27-530;Pl. Wolności 14
1432063;1456;05-850;Poznańska 153
1008021;1457;95-200;Traugutta 14
1008021;1458;95-200;Łaska 23/25
1008021;1459;95-200;Grota Roweckiego 18a
1008021;1460;95-200;Smugowa 31
1008021;1461;95-200;Konopnickiej 39a
1008021;1462;95-200;Ks. Piotra Skargi 78/80
1607073;1463;48-370;Sienkiewicza 13
1811062;1464;39-340;Jana Pawła II 22
1009043;1465;98-330;1 Maja 11
1009043;1466;98-330;Wieluńska 63
3022042;1467;63-920;Kolejowa 23
407073;1468;88-170;Jankowska 9
613043;1469;21-200;Wojska Polskiego 2
613043;1470;21-200;Jana Pawła II 92
2817043;1471;12-130;Burskiego 29
2804073;1472;14-400;Strażacka 1a
2804073;1473;14-400;Ogrodowa 44
2410042;1474;43-250;Prosta 10
1209042;1475;32-432;Lipiny 1
2214043;1476;83-130;Szkolna 6
1418043;1477;05-500;Dworcowa 21
1418043;1478;05-500;Julianowska 35
1418043;1479;05-500;H. Sienkiewicza 3
1418043;1480;05-500;Okulickiego 20c
617033;1481;21-050;Lubelska 100
1421011;1482;05-820;Wysockiego 3a
1421011;1483;05-820;Warszawska 51
206031;1484;58-573;Cmentarna 1
2810042;1485;11-710;Zwycięstwa 16a
2471000;1486;41-940;Kamienna 2
2471000;1487;41-949;M.C.Skłodowskiej 65a
2471000;1488;41-940;Bytomska 69
2471000;1489;41-940;Bytomska 54
2604142;1490;26-065;Czarnowska 54
226032;1491;59-524;Pielgrzymka 107D
2802053;1492;14-520;Królewiecka 3
202033;1493;58-250;Ogrodowa 20A
225043;1494;59-930;R. Traugutta 2
1403103;1495;08-440;Wyzwolenia 29
2405042;1496;44-145;Spółdzielcza 11
2416073;1497;42-436;Krakowska 31
1803063;1498;39-220;Bujnowskiego 3
411053;1499;88-230;Poznańska 17A
1062000;1500;97-300;Narutowicza 4
1062000;1501;97-300;Belzacka 93
1062000;1502;97-300;Dzielna 10
1062000;1503;97-300;Sulejowska 45
1062000;1504;97-300;Wolborska 6
1062000;1505;97-300;Sienkiewicza 19
1062000;1506;97-300;Kostromska 51a
1062000;1507;97-300;Wojska Polskiego 24
1062000;1508;97-300;Dmowskiego 28b
1062000;1509;97-300;Armii Krajowej 20
1062000;1510;97-300;Wojska Polskiego 137/139
2816033;1511;12-200;Olsztyńska 2
2816033;1512;12-200;M. Wołodyjowskiego 17a
2816033;1513;12-200;Klementowskiego 21
2816033;1514;12-200;Warszawska 50C
601112;1515;21-530;Włodawska 14
1210133;1516;33-350;Zagrody 2
1004063;1517;99-120;Stodolniana 2
2007052;1518;18-421;Jedwabieńska 25
3019011;1519;64-920;Al. Powstańców Wielkopolskich 68
3019011;1520;64-920;Poznańska 26
3019011;1521;64-920;Stefana Okrzei 6
3019011;1522;64-920;Drygasa 4
3019011;1523;64-920;Bydgoska 114
3019011;1524;64-920;Miła 1
3019011;1525;64-920;Tczewska 1
3019011;1526;64-920;Okrzei 6
3019011;1527;64-920;Fritsa Philipsa 1
202041;1528;58-240;Piastowska 52A
2608043;1529;28-400;Batalionów Chłopskich 52
3020063;1530;63-300;Ogrodowa 8
3020063;1531;63-300;Al. Wojska Polskiego 46
3021123;1532;62-010;Krótka 9
3021123;1533;62-010;Gnieźnieńska 63
1011033;1534;99-200;Łęczycka 29B
206082;1535;58-562;Bojki 5
3004063;1536;63-860;Armii Poznań 2a
208051;1537;57-320;Kłodzka 3
3209063;1538;76-010;Wolności 8
3211043;1539;72-010;Głowackiego 16
3211043;1540;72-010;Przyjaźni 2
3211043;1541;72-010;Zamenhofa 7a
3211043;1542;72-010;Morelowa 2
216043;1543;59-100;Ogrodowa 5
216043;1544;59-100;Dąbrowskiego 5
216043;1545;59-100;Młyńska 2a
1414052;1546;05-180;Warszawska 37
612063;1547;24-320;1 Maja 7C
3004073;1548;64-125;Szosa Gostyńska 29
2409042;1549;42-360;Armii Krajowej 33
2416011;1550;42-480;Ludowego Wojska Polskiego 30
3064000;1551;60-378;Bułgarska 121/123
3064000;1552;60-425;Dąbrowskiego 399
3064000;1553;60-341;Marcelińska 77
3064000;1554;60-771;Matejki 62
3064000;1555;60-162;Szadecka 2
3064000;1556;60-644;Sokoła 26
3064000;1557;61-148;Os. Piastowskie 22
3064000;1558;61-227;Os. Jagiellońskie 14
3064000;1559;61-289;Os. Czecha 73
3064000;1560;61-361;Książęca 1
3064000;1561;61-341;Starołęcka 1
3064000;1562;61-652;Os. Zwycięstwa 110
3064000;1563;60-681;Os. Bolesława Chrobrego 110
3064000;1564;61-807;Św. Marcin 66/72
3064000;1565;61-492;Stróżyńskiego 21a
3064000;1566;61-432;Jesionowa 16
3064000;1567;61-538;Czarneckiego 12
3064000;1568;60-538;Kościelna 30
3064000;1569;61-831;Plac Wiosny Ludów 2
3064000;1570;60-841;J. H. Dąbrowskiego 29
3064000;1571;61-131;Polanka 22
3064000;1572;61-476;Czechosłowacka 104
3064000;1573;61-249;Os. Stare Żegrze 15
3064000;1574;60-480;Chojnicka 72/74
3064000;1575;61-492;Dolna Wilda 104/106
3064000;1576;60-682;os. Bolesława Śmiałego 109
3064000;1577;60-689;Obornicka 334
3064000;1578;61-863;Kazimierza Wielkiego 1-3
3064000;1579;60-649;Piątkowska 78
3064000;1580;60-136;Brzeźnicka 5
3064000;1581;60-729;I. Łukaszewicza 43
3064000;1582;60-792;Wojskowa 3
3064000;1583;61-395;Os. Rzeczypospolitej 43
3064000;1584;61-129;Małachowskiego 14
3064000;1585;61-381;Os. Armii Krajowej 101
3064000;1586;61-248;Bobrzańska 13
3064000;1587;61-611;Naramowicka 219
3064000;1588;60-688;Os. Jana III Sobieskiego 103
3064000;1589;61-455;ul. Żurawinowa 2
3064000;1590;61-568;Wierzbięcice 36/38
3064000;1591;61-243;Os. Czecha 111
3064000;1592;60-711;Strusia 12
3064000;1593;60-801;Polna 41
3064000;1594;61-753;Piaskowa 2/3
3064000;1595;61-655;Gronowa 26
3064000;1596;60-003;Sycowska 18
3064000;1597;61-250;os. Orła Białego 5a
3064000;1598;60-104;J. Hallera 2a
3064000;1599;61-695;ul Lechicka 59
3064000;1600;60-166;Grunwaldzka 216
3064000;1601;60-149;Gwiaździsta 30
3064000;1602;61-706;Libelta 5
3064000;1603;60-129;Sielska 43
3064000;1604;61-441;28 Czerwca 1956 r. 384
3064000;1605;61-643;Połabska 1
3064000;1606;60-518;Kraszewskiego 30
3064000;1607;61-619;Naramowicka 104
3064000;1608;60-529;Dąbrowskiego 81/85
3064000;1609;61-886;Półwiejska 47
3064000;1610;61-801;Dworcowa 2
3064000;1611;60-461;Adama Poszwińskiego 2
3064000;1612;61-240;Szwedzka 6A
3064000;1613;61-686;Os. Przyjaźni 141a
3064000;1614;61-696;Serbska 15
3064000;1615;60-195;Brzechwy 99
3064000;1616;60-479;Strzeszyńska 25
3064000;1617;61-001;Stefanii Wołynki 1
2612053;1618;28-230;S.Czarnieckiego 1
2612053;1619;28-230;Józefa Zielińskiego 1
3216033;1620;78-320;Warszawska 19/2
2207043;1621;82-550;W. Jagiełły 10A
1608043;1622;46-320;Piłsudskiego 7
209073;1623;59-230;Antoniego Rymszy 1
2805042;1624;19-335;1 Maja 12D
1214053;1625;32-100;Kolejowa 13
1804073;1626;37-560;Kańczudzka 45
1610043;1627;48-200;T. Kościuszki 20
1610043;1628;48-200;Skowrońskiego 26
1610043;1629;48-200;Sienkiewicza 3a
220023;1630;55-110;Wrocławska 67
2204011;1631;83-000;Ks. Waląga 1
2204011;1632;83-000;H. Skalskiego 1
2204011;1633;83-000;Dobrowolskiego 2
2204011;1634;83-000;Kasprowicza 40
1421021;1635;05-800;Al. Jerozolimskie 454
1421021;1636;05-800;Wojska Polskiego 11
1421021;1637;05-800;3 Maja 132
1421021;1638;05-800;Plac Sprawiedliwości 4
1421021;1639;05-803;Komorowska 26
1422011;1640;06-300;Sosnowa 7
1422011;1641;06-300;Leszno 1
1422011;1642;06-300;J. Piłsudskiego 89
1213082;1643;32-641;Oświęcimska 100
1012113;1644;97-570;Trytwa 6
216053;1645;59-170;Szprotawska 1A
1813082;1646;37-700;Wybrzeże Marszałka Ferdynanda Focha 2
1813082;1647;37-700;Łukasińskiego 9
1813082;1648;37-700;Lwowska 17a
1813082;1649;37-700;Mickiewicza 28
1813082;1650;37-700;3 Maja 19
3029012;1651;62-234;Kasztelańska 12
1814011;1652;37-200;Ignacego Krasickiego 4
1814011;1653;37-200;Łańcucka 7
2205032;1654;83-304;Gdańska 28
3017052;1655;63-421;Wrocławska 111
803032;1656;66-340;Główna 1B
2204052;1657;83-047;Gdańska 22
1609103;1658;46-060;Rynek 17b
803042;1659;66-330;Sikorskiego 22
2410053;1660;43-200;Kopernika 20
2410053;1661;43-200;Górnośląska 11
2410053;1662;43-200;Karola Szymanowskiego 23
2410053;1663;43-200;Bielska 46
2204062;1664;83-032;Gdańska 1
2415011;1665;44-370;Andersa 19
2415011;1666;44-370;Traugutta 6
2211031;1667;84-100;Topolowa 9
2211031;1668;84-100;M. Kopernika 4A
3021021;1669;62-040;Rynek 4
614011;1670;24-100;Piłsudskiego 15
614011;1671;24-100;Włostowicka 154
614011;1672;24-100;Piaskowa 47
614011;1673;24-100;Gen. Fieldorfa 'Nila' 12
1424043;1674;06-100;Jana Pawła II 2/4
1424043;1675;06-100;Warszawska 23a
1424043;1676;06-100;Przemiarowska 1A
1424043;1677;06-100;Wyszkowska 11c
3212053;1678;74-200;Adama Mickiewicza 2a
3212053;1679;74-200;Szczecińska 2
2405021;1680;44-120;Toszecka 40
2405021;1681;44-120;Zaolszany 7A
3030043;1682;62-310;Wrzesińska 29
1462000;1683;09-400;Tysiąclecia 11
1462000;1684;09-400;Narodowych Sił Zbrojnych 14
1462000;1685;09-410;Armii Krajowej 18
1462000;1686;09-401;Portowa 4
1462000;1687;09-410;Czwartaków 9
1462000;1688;09-407;Otolińska 8
1462000;1689;09-407;ul. Gierzyńskiego 17
1462000;1690;09-400;8 Pułku Artylerii Lekkiej 2
1462000;1691;09-400;Bielska 45
1462000;1692;09-410;Ks. J. Popiełuszki 4
1462000;1693;09-400;Chopina 51
1462000;1694;09-402;Tysiąclecia 2A
3205043;1695;72-310;Grunwaldzka 1
1420011;1696;09-100;Rzemieślnicza 4
1420011;1697;09-100;Szkolna 7
1420011;1698;09-100;Doktora Jana Rutkowskiego 1
1420011;1699;09-100;Pułtuska 60a
1420011;1700;09-100;Młodzieżowa 28h
1211123;1701;34-700;Zakopiańska 22a
1211123;1702;34-713;Skawa 690K
2411011;1703;47-400;Opawska 69
2411011;1704;47-400;Słowackiego 58
2411011;1705;47-400;Opawska 124
2411011;1706;47-400;Siwonia 38
2411011;1707;47-400;Ogrodowa 46
2411011;1708;47-400;Reymonta 16
2411011;1709;47-400;Bosacka 61
2411011;1710;47-400;Opawska 18
2411011;1711;47-400;Pracy 18
2411011;1712;47-400;Jana 3
1420021;1713;09-140;Błonie 22/24
2415021;1714;44-310;Hallera 15a
1012011;1715;97-500;Starowiejska 1
1012011;1716;97-500;G. Narutowicza 11
1012011;1717;97-500;Krasickiego 5
1012011;1718;97-500;ul. Przedborska 47
1012011;1719;97-500;Brzeźnicka 65a
1811083;1720;39-310;Nowa 6
216062;1721;55-010;Słoneczna 27
216062;1722;59-160;Mechaniczna 1G
1804021;1723;37-550;Lwowska 9
411011;1724;88-200;Komunalna 1
2413031;1725;41-922;Św. Wojciecha 1
2413031;1726;41-922;Unii Europejskiej 1
1434093;1727;05-250;Weteranów 22
1434093;1728;05-250;Jana Pawła II 66
1434093;1729;05-250;Konstytucji 3 Maja 13
406043;1730;87-220;Tysiąclecia 10
615011;1731;21-300;Lubelska 3a
615011;1732;21-300;Warszawska 66
2004043;1733;19-206;Warszawska 13
3005043;1734;62-067;Księdza
1810062;1735;37-111;Rakszawa 207A
3017063;1736;63-440;Przybysławice 43
1421062;1737;05-090;Sportowa 1
1421062;1738;05-090;Aleja Krakowska 113
1013011;1739;96-200;Konstytucji 3 Maja 3
1013011;1740;96-200;J. Słowackiego 68
1013011;1741;96-200;Kazimierza Wielkiego 18
3022053;1742;63-900;Os. Westerplatte 1
3022053;1743;63-900;Sarnowska 4A
3022053;1744;63-900;J. Piłsudskiego 8
3022053;1745;63-900;Sienkiewicza 22
3202063;1746;73-210;Kolejowa 54
2215011;1747;84-240;Obwodowa 27
2215011;1748;84-240;Jana Pawła II 4
2215011;1749;84-240;Pucka 5
603011;1750;22-170;Lubelska 10
3218043;1751;72-315;Bohaterów Warszawy 1
2808053;1752;11-440;Słowiańska 25
3205072;1753;72-344;Topolowa 32/26
412032;1754;88-420;Tadeusza Kościuszki 9A
3016023;1755;64-610;Os. Przemysława II 7
3016023;1756;64-610;Aleja Marszałka Piłsudskiego 36
1016072;1757;97-221;Łódzka 8a
1815033;1758;39-100;W. Witosa 1C
1815033;1759;39-100;Konarskiego 1-7
1815033;1760;39-100;Grunwaldzka 41
3012052;1761;63-708;Krotoszyńska 67
1010082;1762;97-340;Legionów Polskich 40d
2816043;1763;12-220;Gałczyńskiego 11
2472000;1764;41-700;Norwida 26
2472000;1765;41-700;Piastowska 2
2472000;1766;41-717;Franciszka Wilka 4
2472000;1767;41-700;Ludomira Różyckiego 30
2472000;1768;41-707;Radoszowska 4
2472000;1769;41-709;Planty Kowalskiego 1
2472000;1770;41-706;Kłodnicka 70
2472000;1771;41-711;Ks. Niedzieli 7
2472000;1772;41-710;Odrodzenia 7
2472000;1773;41-712;Goduli 13
2472000;1774;41-717;Górnośląska 16
2472000;1775;41-700;1 Maja 366
2472000;1776;41-706;Borowa 8
2472000;1777;41-700;Zabrzańska 65
2472000;1778;41-710;I. Paderewskiego 19
2472000;1779;41-717;Górnośląska 45
211032;1780;59-305;Krochmalna 1B
1812063;1781;37-420;Sanowa 11
1608062;1782;46-325;Wieluńska 1
2215021;1783;84-230;Dąbrowskiego 76
2215021;1784;84-230;Kosynierów 55
2215021;1785;84-230;Grunwaldzka 8
2215021;1786;84-230;Starowiejska 13
2215021;1787;84-230;Sobieskiego 14a
2215021;1788;84-232;Dębogóska 132
2473000;1789;44-200;M. Curie-Skłodowskiej 1b
2473000;1790;44-206;1 Maja 95b
2473000;1791;44-270;Górnosląska 138
2473000;1792;44-251;Sztolniowa 38
2473000;1793;44-200;Św. Maksymiliana 28
2473000;1794;44-203;Sybiraków 7
2473000;1795;44-200;Wodzisławska 76
2473000;1796;44-200;3 Maja 31
2473000;1797;44-207;Zebrzydowicka 74
2473000;1798;44-251;Żorska 322a
2473000;1799;44-270;Rymera 8
2473000;1800;44-200;Gliwicka 101B
2473000;1801;44-200;Raciborska 124
2473000;1802;44-253;Patriotów 17
3010073;1803;62-570;Kaliska 19
3016032;1804;64-610;Kolejowa 29
2415031;1805;44-280;Bema 5
2415031;1806;44-280;Obywatelska 26
2415031;1807;44-280;Raciborska 351
2415031;1808;44-280;Generała Józefa Bema 90
3013043;1809;64-130;Wolności 13m
1807083;1810;38-481;Bieleckiego 17A
2806083;1811;11-520;Partyzantów 13
412011;1812;87-500;Nowy Rynek 16
412011;1813;87-500;Mławska 46b
412011;1814;87-500;Toruńska 2B - 2C
805043;1815;69-110;Słubicka 4
1863000;1816;35-078;Hetmańska 56
1863000;1817;35-209;Ofiar Katynia 15
1863000;1818;35-001;aleja Józefa Piłsudskiego 34
1863000;1819;35-505;Leska 2
1863000;1820;35-302;Witolda 8
1863000;1821;35-082;Podkarpacka 8A
1863000;1822;35-105;Przemysłowa 3
1863000;1823;35-030;Zygmuntowska 8
1863000;1824;35-326;Rejtana 51
1863000;1825;35-234;Siemieńskiego 14
1863000;1826;35-222;Okulickiego 6
1863000;1827;35-509;Obrońców Poczty Gdańskiej 30
1863000;1828;35-205;Warszawska 29
1863000;1829;35-311;E. Kwiatkowskiego 2a
1863000;1830;35-233;Lubelska 65
1863000;1831;35-312;Strażacka 27e
1863000;1832;35-506;Pułkownika Iranka-Osmeckiego 25
1863000;1833;35-120;Stołajowskiego 6
1863000;1834;35-317;Budziwojska 465
1863000;1835;35-065;Juliusza Słowackiego 16
1863000;1836;35-210;Władysława Reymonta 3
1006103;1837;95-030;Tuszyńska 78
1411073;1838;06-230;Przemysłowa 9
1010072;1839;97-510;Główna 36
410042;1840;89-110;ul. Strażacka 1b
2609072;1841;27-650;Samborzec 50
2609011;1842;27-600;Słowackiego 29
2609011;1843;27-600;Portowa 33
2609011;1844;27-600;Armii krajowej 10
2609011;1845;27-600;Kwiatkowskiego 67
1404043;1846;09-540;Bohaterów Ludowych 1
1817011;1847;38-500;ul. Krakowska 194
1817011;1848;38-500;Przemyska 24
1817011;1849;38-500;Lipińskiego 17
1817011;1850;38-500;Krakowska 2
2009011;1851;16-500;1 Maja 6
1408043;1852;05-140;Warszawska 32
3209073;1853;76-004;Morska 4
223083;1854;55-011;Osiedlowa 18
1426082;1855;08-100;Rynkowa 20
1426082;1856;08-110;Wojska Polskiego 25
1426082;1857;08-100;Bp. Świrskiego 50-52
1426082;1858;08-110;Brzeska 134
1426082;1859;08-119;Mieszka I 23
1426082;1860;08-103;Warszawska 89
1426082;1861;08-110;Młynarska 15
1426082;1862;08-110;Tadeusza Czackiego 4
1426082;1863;08-110;Kleeberga 6
1426082;1864;08-110;Łukowska 111
3029022;1865;64-212;Wolsztyńska 66
804082;1866;67-112;Głogowska 16A
2474000;1867;41-106;Niepodległości 27
2474000;1868;41-100;Mysłowicka 1
2474000;1869;41-100;Oświęcimska 1A
2474000;1870;41-100;Śląska 41
2474000;1871;41-100;ul. Fitznerów 2
2474000;1872;41-100;Wróbla 2
2474000;1873;41-103;Bańgowska 52
2474000;1874;41-100;Kapicy 8
2010011;1875;17-300;11 Listopada 45
2010011;1876;17-300;Nadrzeczna 1
2010011;1877;17-300;Ciechaniowiecka 33
1814073;1878;37-530;Kościelna 3
1412132;1879;05-322;Mińska 121
1014011;1880;98-200;Jana Pawła II 30
1014011;1881;98-200;Armii Krajowej 18a
1014011;1882;98-200;Kościuszki 23a
1014011;1883;98-200;Targowa 3c
1014011;1884;98-200;Składowa 1A
2205042;1885;83-340;Lęborska 4a
2205042;1886;83-340;Ks. Bernarda Łosińskiego 1C
3014043;1887;64-410;Wroniecka 9
1427011;1888;09-200;Kościuszki 5
1427011;1889;09-200;Białobłocka 1
1427011;1890;09-200;Braci Tułodzieckich 1
1427011;1891;09-200;Chopina 4
2401073;1892;42-470;Rynek 11
2401073;1893;42-470;Piłsudskiego 51a
2603053;1894;28-530;W. Witosa 2a
1601022;1895;49-318;Dębowa 1a
2213093;1896;83-250;Tczewska 7a
2610011;1897;26-100;Spółdzielcza 82
2610011;1898;26-100;Piłsudskiego 38
2610011;1899;26-110;ul. S. Żeromskiego 40
2610011;1900;26-110;1 Maja 16
1206113;1901;32-050;Przemysłowa 6
1015082;1902;96-100;Reymonta 1
1015082;1903;96-100;Mszczonowska 37
1015082;1904;96-100;Domarasiewicza 3/5
1015082;1905;96-100;Rawska 73
1015082;1906;96-100;Cz. Liska 4
2403103;1907;43-430;Fabryczna 9
2403103;1908;43-430;Górny Bór 5
2403103;1909;43-430;Górecka 32D
3028053;1910;62-085;Turystyczna 11
803053;1911;66-440;Jagiełły 15-16
2213021;1912;83-220;Pomorska 27A
408073;1913;87-630;Sierpecka 64
2213112;1914;83-230;Dworcowa 6
223073;1915;55-050;Warszawska 4A
2013082;1916;18-218;Mazowiecka 16
1816113;1917;36-050;Lubelska 56
1429011;1918;08-300;ks. Jana Bosko Jana 5
1429011;1919;08-300;Kolejowa 1
2011083;1920;16-100;Broniewskiego 5
2011083;1921;16-100;Białostocka 132
2011083;1922;16-100;Jana Pawła ll 1
2011083;1923;16-100;Lotników Lewoniewskich 1b
403083;1924;86-050;Powstańców 7
1435042;1925;07-203;Somianka 94B
2205052;1926;83-314;Spółdzielców 1
3010103;1927;62-610;Warszawska 46
2264000;1928;81-816;Wejherowska 35
2264000;1929;81-810;Al. Niepodległości 813a
2264000;1930;81-853;Al. Niepodległości 691
2475000;1931;41-219;Bora Komorowskiego 3
2475000;1932;41-219;Jana Długosza 45
2475000;1933;41-200;Moniuszki 26
2475000;1934;41-200;Kościelna 58
2475000;1935;41-208;Konstytucji 3
2475000;1936;41-200;Żytnia 15
2475000;1937;41-219;Braci Mieroszewskich 51
2475000;1938;41-203;Podjazdowa 8
2475000;1939;41-200;Kalinowa 81
2475000;1940;41-217;Goszczyńskiego 17
2475000;1941;41-219;Braci Mieroszewskich 2
2475000;1942;41-200;Grota-Roweckiego 20A
2475000;1943;41-200;1 Maja 21-23
2475000;1944;41-200;Narutowicza 56
2475000;1945;41-200;Zwycięstwa 21A
2475000;1946;41-208;Orląt Lwowskich 42
2475000;1947;41-215;Główna 17b
2475000;1948;41-209;Jana III Sobieskiego 64
2475000;1949;41-219;Lenartowicza 39
2475000;1950;41-219;C. K. Norwida 2
2475000;1951;41-205;Będzińska 13
2475000;1952;41-216;Grenadierów 2
1818011;1953;37-450;Okulickiego 2
1818011;1954;37-450;Jana Pawła II 3
1818011;1955;37-450;Rozwadowska 37A
1818011;1956;37-467;Gen. Okulickiego 140
1818011;1957;37-450;Staszica 3D
1818011;1958;37-450;Przemysłowa 8
2206082;1959;83-430;Kościerska 44D
1410062;1960;08-205;Stara Kornica 159
2611011;1961;27-200;Kolejowa 15
2611011;1962;27-200;Hutnicza 3
2611011;1963;27-200;Kościelna 7
2611011;1964;27-200;Majówka 23
2611011;1965;27-200;Radomska 35a
2611011;1966;27-200;al. Jana Pawła II 20
2611011;1967;27-200;Wojska Polskiego 11
1432072;1968;05-082;Warszawska 291
3010112;1969;62-571;Ogrodowa 86
2213031;1970;83-200;J. Hallera 19C/D
2213031;1971;83-200;Zblewska 10A
2213031;1972;83-200;Skarszewska 6
2213031;1973;83-200;Zielona 14
2213031;1974;83-200;Lubichowska 136
2213031;1975;83-250;Tadeusza Kościuszki 18
2213031;1976;83-250;Pelplińska 32
1419142;1977;09-440;Płocka 1
1809072;1978;37-632;T. Kościuszki 72a
1210163;1979;33-340;J. Piłsudskiego 166
1210163;1980;33-340;Jana Pawła II 77a
2612073;1981;28-200;Jana Pawła II 15
2612073;1982;28-200;Kolejowa 38a
2612073;1983;28-200;Krakowska 49
2814112;1984;11-034;Olsztyńska 64
2006053;1985;18-520;Kossaka 2
2210042;1986;82-103;Gdańska 54
3204073;1987;72-112;Krzywoustego 1d
611021;1988;21-450;Partyzantów 44
2601063;1989;28-130;
2604182;1990;26-052;Żeromskiego 7B
208133;1991;57-550;Kościuszki 11b 11B
2403113;1992;43-246;Młyńska 4
1020083;1993;95-010;Warszawska 80
3023072;1994;62-420;Al. Prymasa Wyszyńskiego 34
219063;1995;58-150;Legnicka 16-18
219063;1996;58-150;Paderewskiego 26
219063;1997;58-150;Wojska Polskiego 80f
1413052;1998;06-445;Polna 3
1611053;1999;47-100;Pl. Targowy 1
1611053;2000;47-100;Gogolińska 31
1611053;2001;47-100;Stawowa 2
217043;2002;57-100;Dzierżoniowska 16A
217043;2003;57-100;Okulickiego 4
409043;2004;88-320;Św. Ducha 26A
1819043;2005;38-100;Witosa 17
1819043;2006;38-100;Kombatantów 1
2605083;2007;26-220;Droga Krajowa 42
2605083;2008;26-220;Stefana Żeromskiego 2a
3021143;2009;62-060;Kościańska 54A
1215021;2010;34-200;Mickiewicza 21
2610053;2011;26-130;Kielecka 5a
2011093;2012;16-150;Białostocka 36
3021152;2013;62-002;Obornicka 85
809063;2014;66-100;Okrężna 14
809063;2015;66-100;Styczniowa 31
1010093;2016;97-330;Piotrkowska 62D
1412151;2017;05-070;al. J. Piłsudskiego 102
1412151;2018;05-071;Z. Nałkowskiej 2
1412151;2019;05-071;Okuniewska 9/25
807043;2020;69-200;E.Plater 6
2002093;2021;16-030;Cieliczańska 2
2807063;2022;14-240;Piastowska 32
2410062;2023;43-267;Piaskowa 2
2012072;2024;16-400;Noniewicza 22
2012072;2025;16-400;W. Sikorskiego 6
2012072;2026;16-400;Reja 61
2012072;2027;16-400;Świerkowa 54
2012072;2028;16-400;J. Pułaskiego 54
2012072;2029;16-400;Daszyńskiego 8
2012072;2030;16-400;Wojska Polskiego 15
2012072;2031;16-400;Jana Pawła II 2
2012072;2032;16-400;Armii Krajowej 33
2012072;2033;16-400;Sejneńska 59
3021163;2034;62-020;Os. Czwartaków 13
3021163;2035;62-020;Os. T.Działyńskiego 1K/501
3021163;2036;62-020;Cieszkowskiego 5/7
3021163;2037;62-020;Planetarna 18
214073;2038;56-500;Kolejowa 2a
214073;2039;56-501;Kaliska 52
1019023;2040;98-240;Kilińskiego 1
3001053;2041;64-820;Dworcowa 1
3024073;2042;64-500;Dworcowa 6A
3024073;2043;64-500;3-Maja 1
3024073;2044;64-500;Zamkowa 9
1211023;2045;34-460;Główna 340
221031;2046;58-310;Solicka 21
221031;2047;58-310;Szczawieńska 6
620133;2048;22-460;Targowa 8
3262000;2049;70-781;Pomarańczowa 9
3262000;2050;70-747;Karpia 1
3262000;2051;71-123;Witkiewicza 41
3262000;2052;71-610;Stanisława Dubois 5
3262000;2053;71-684;Obotrycka 6
3262000;2054;71-017;Krakowska 68/U5
3262000;2055;70-840;Goleniowska 87
3262000;2056;70-473;Wojska Polskiego 31
3262000;2057;71-270;Janickiego 24
3262000;2058;71-073;al. Piastów 22/U1
3262000;2059;70-880;Bałtycka 25c
3262000;2060;71-637;Firlika 42
3262000;2061;71-804;Ogrodnicza 47
3262000;2062;71-154;Lelewela 8a
3262000;2063;71-784;Maciejkowa 37/1
3262000;2064;71-646;Stalmacha 12
3262000;2065;71-447;Krasińskiego 55
3262000;2066;70-340;Al. Bohaterów Warszawy 34/35
3262000;2067;70-117;Milczańska 8
3262000;2068;71-770;Rostocka 1
3215011;2069;78-400;Polna 55
3215011;2070;78-400;G. Narutowicza 3
3215011;2071;78-400;Bohaterów Warszawy 31-35
3215011;2072;78-400;Przemysłowa 4
2416083;2073;42-445;Śląska 6
2416083;2074;42-445;8 Pułku Ułanów 1
1001072;2075;97-420;Praga 25
1204073;2076;33-230;Topolowa 2
2004053;2077;19-230;Jana III Sobieskiego 22
1202072;2078;32-820;Krakowska 136B
2402011;2079;43-370;Ogrodowa 2
2402011;2080;43-370;Beskidzka 19
208143;2081;57-330;Słoneczna 110
2817011;2082;12-100;Żeromskiego 18
2817011;2083;12-100;Wyspiańskiego 6
2817011;2084;12-100;Pasymska 22
2817011;2085;12-100;Przemysłowa 23
2013093;2086;18-210;Kolejowa 6
206041;2087;58-580;Kilińskiego 11
810073;2088;67-300;Młynarska 25
810073;2089;67-300;Kożuchowska 3
2216053;2090;82-400;K. K. Baczyńskiego 1
410053;2091;89-200;Kcyńska 31
2612083;2092;28-225;Kielecka 88
2602063;2093;28-340;Majowa 9
413023;2094;89-400;T. Kościuszki 24B
812013;2095;67-410;Wojska Polskiego 5
2401081;2096;41-260;Polskiego Czerwonego Krzyża 22
3216052;2097;78-314;Świdwińska 31
1206123;2098;32-090;Stefana Żeromskiego 4
807032;2099;66-436;3 lutego 60
805053;2100;69-100;ul. T. Kościuszki 3
805053;2101;69-100;Plac Przyjaźni 18
805053;2102;69-100;Wrocławska 9
3023011;2103;62-400;Os. Niepodległości 19
3023011;2104;62-400;Plac Szkolny 16a
1418063;2105;05-555;Grójecka 21a
1864000;2106;39-400;Kopernika 15
1864000;2107;39-400;Kwiatkowskiego 1
1864000;2108;39-400;Jachowicza 12
1864000;2109;39-400;pl. Bartosza Głowackiego 46
1864000;2110;39-400;Warszawska 2
1864000;2111;39-400;Mickiewicza 40
1864000;2112;39-400;Zwierzyniecka 15A
1864000;2113;39-400;Sikorskiego 2B
602123;2114;23-420;Nadstawna 4
3021172;2115;62-080;Owocowa 16
2413041;2116;42-606;Bytomska 30
2413041;2117;42-680;Zagórska 91
2413041;2118;42-600;Legionów 3
2413041;2119;42-600;Ułańska 2
2413041;2120;42-612;W. Janasa 33
2413041;2121;42-612;Fińska 53
2413041;2122;42-600;Siewierska 73
2606072;2123;27-515;Sandomierska 80
2214011;2124;83-110;Franciszka Żwirki 48
2214011;2125;83-110;Kwiatowa 1
2214011;2126;83-110;Czerwonego Kapturka 7
2214011;2127;83-110;Wojska Polskiego 22
601021;2128;21-550;Wojska Polskiego 81/83
618011;2129;22-600;Jana Pawła II 21
618011;2130;22-600;Lwowska 126a
618011;2131;22-600;Łaszczowiecka 1b
1016011;2132;97-200;Konstytucji 3 Maja 9/11
1016011;2133;97-200;Strzelecka 16
1016011;2134;97-200;Wandy Panfil 1/3
1016011;2135;97-200;Farbiarska 19/23
1016011;2136;97-200;Polna 26
1016011;2137;97-200;Nowy Port 10/12
1016011;2138;97-200;Dzieci Polskich 26
1016011;2139;97-200;Warszawska 1
463000;2140;87-100;Mickiewicza 75a
463000;2141;87-100;Wyszyńskiego 19
463000;2142;87-100;Teligi 7
463000;2143;87-100;Szosa Chełmińska 164
463000;2144;87-100;Bażyńskich 20
463000;2145;87-100;Żwirki i Wigury 86A-E
463000;2146;87-100;Prosta 5
463000;2147;87-100;Dziewulskiego 10
463000;2148;87-100;Łyskowskiego 24
463000;2149;87-100;Szeroka 22
463000;2150;87-101;Łódzka 116a
463000;2151;87-100;Poznańska 180
463000;2152;87-100;Orląt Lwowskich 9-11
463000;2153;87-100;Dziewulskiego 43
463000;2154;87-100;Kosynierów Kościuszkowskich 4
463000;2155;87-100;Szosa Chełmińska 212
463000;2156;87-100;Szosa Chełmińska 53
463000;2157;87-102;Poznańska 17-19
463000;2158;87-100;Turystyczna 95
463000;2159;87-100;Fałata 21
463000;2160;87-100;Kościuszki 41/47
463000;2161;87-100;Olsztyńska 117
463000;2162;87-100;L. Waryńskiego 13
463000;2163;87-100;Szosa Bydgoska 24/26
807053;2164;66-235;os. Lecha 9F
2405073;2165;44-180;Gliwicka 10a
617052;2166;21-044;Lubelska 274a
1201082;2167;32-733;Trzciana 397
3002073;2168;64-980;Sikorskiego 57
3002073;2169;64-980;Wiosny Ludów 6
803063;2170;66-320;Poznańska 6
3206083;2171;74-510;Dworcowa 209
3205083;2172;72-320;Parkowa 4
3205083;2173;72-320;Torowa 20B
809082;2174;66-132;Chabrowa 1
1203053;2175;32-540;
1203053;2176;32-540;Kościuszki 43A
220033;2177;55-100;Bolesława Chrobrego 4
220033;2178;55-100;Siostry Hilgi Brzoski 2
3003093;2179;62-240;Piastowska 2
3003093;2180;62-240;Foluska 6B
2204082;2181;83-034;Gdańska 29
416063;2182;89-500;Warszawska 19
416063;2183;89-500;Krzywa 2
1216103;2184;33-170;Okólna 1
1216103;2185;33-170;Adama Mickiewicza 71
3027011;2186;62-700;Ogrodowa 5
3027011;2187;62-700;Nowa 22
3027011;2188;62-700;Kaliska 63a
1006113;2189;95-080;Króla Władysława
1609123;2190;49-130;Porcelitowa 1
214083;2191;56-416;1 Maja 17
214083;2192;56-416;Wielkopolska 5
2413082;2193;42-690;Zamkowa 2a
3201043;2194;78-220;Białogardzka 1B
2477000;2195;43-100;Wejchertów 2
2477000;2196;43-100;Al. Bielska 132
2477000;2197;43-100;Kopernika 28
2477000;2198;43-100;Armii Krajowej 61
2477000;2199;43-100;Zwierzyniecka 2
2477000;2200;43-100;Al. Bielska 7
2477000;2201;43-100;Towarowa 2C
1816143;2202;36-020;Orkana 2a
2002123;2203;16-080;Sokołowska 40
618123;2204;22-630;Wielka 60b
1434113;2205;05-240;Przemysłowa 9
3019073;2206;64-850;Kanałowa 14
1011043;2207;99-210;Ogrodowa 14
404072;2208;86-260;Bydgoska 11
619052;2209;22-234;Lubelska 5A
3208072;2210;78-111;Bolesława Chrobrego 18
3208072;2211;78-111;Kolejowa 1
2403021;2212;43-450;Katowicka II nr 30
1801083;2213;38-700;29 Listopada 38A
1801083;2214;38-700;PCK 19
1218093;2215;34-100;Piłsudskiego 33
1218093;2216;34-100;Wałowa 3
1218093;2217;34-100;Wojska Polskiego 14
1406113;2218;05-660;Warszawska 19
1406113;2219;05-660;K. Pulaskiego 2c
414112;2220;86-160;Starogardzka 8
1465011;2221;04-761;Zwoleńska 122/128
1465011;2222;02-871;Karczunkowska 139A
1465011;2223;03-287;Głębocka 13
1465011;2224;03-287;Głębocka 110
1465011;2225;05-077;aleja Piłsudskiego 2
1465011;2226;01-943;Zgrupowania AK Kampinos 15
1465011;2227;03-574;Radzymińska 94B
1465011;2228;04-460;Czwartaków 26
1465011;2229;01-918;T. Nocznickiego 29
1465011;2230;01-318;Szobera 3A
1465011;2231;01-318;Wyki 11b
1465011;2232;01-354;Powstańców Śląskich 9
1465011;2233;03-186;Modlińska 158c
1465011;2234;01-903;Marii Dąbrowskiej 15
1465011;2235;02-306;Niemcewicza 26
1465011;2236;02-118;Pruszkowska 4d
1465011;2237;03-984;Złotej Wilgi 2
1465011;2238;04-186;Grochowska 338/340
1465011;2239;04-364;Wiatraczna 15
1465011;2240;03-301;Jagiellońska 82
1465011;2241;03-371;Wysockiego 10
1465011;2242;04-844;Patriotów 110
1465011;2243;05-077;Trakt Brzeski 73
1465011;2244;01-102;Jana Olbrachta 46
1465011;2245;01-248;Jana Kazimierza 62
1465011;2246;04-987;Wał Miedzeszyński 106
1465011;2247;00-773;Dolna 3
1465011;2248;02-776;Hirszfelda 2a
1465011;2249;05-075;Niemcewicza 8
1465011;2250;03-995;Bronowska 13
1465011;2251;03-922;Międzynarodowa 68
1465011;2252;00-844;Grzybowska 61
1465011;2253;02-680;J. Elsnera 34
1465011;2254;03-138;Hanki Ordonówny 12
1465011;2255;03-968;Saska 6A
1465011;2256;02-972;Sejmu Czteroletniego 2
1465011;2257;01-493;Uniejowska 4
1465011;2258;01-493;Szadkowskiego 1a
1465011;2259;01-355;Czumy 3
1465011;2260;03-144;Światowida 53e
1465011;2261;01-913;Goldoniego 1
1465011;2262;01-991;Heroldów 6
1465011;2263;02-679;Modzelewskiego 27
1465011;2264;02-123;Korotyńskiego 23
1465011;2265;02-376;Dobosza 12
1465011;2266;04-185;Witolińska 7
1465011;2267;04-355;Kordeckiego 56/58
1465011;2268;03-733;Targowa 24
1465011;2269;00-194;Dzika 4
1465011;2270;03-209;Skrajna 14
1465011;2271;03-543;Barkocińska 6
1465011;2272;02-496;Warszawska 42
1465011;2273;02-786;Związku Walki Młodych 11
1465011;2274;02-957;Jana III Sobieskiego 18
1465011;2275;01-141;Świetlików 9
1465011;2276;00-803;Al. Jerozolimskie 56C
1465011;2277;02-703;Bukowińska 22
1465011;2278;02-495;Skoroszewska 5B
1465011;2279;03-813;Terespolska 2
1465011;2280;02-117;K.Bohdanowicza 21 lok. U3
1465011;2281;01-409;Deotymy 56
1465011;2282;03-683;Fersta 2
1465011;2283;02-219;al. Krakowska 246
1465011;2284;01-703;Gąbińska 22
1465011;2285;00-131;Grzybowska 12/14
1465011;2286;01-930;Przy Agorze 22
1465011;2287;02-231;Jutrzenki 177
1465011;2288;02-690;Bokserska 61
1465011;2289;05-075;Wspólna 2
1465011;2290;04-187;Dęblińska 2
1465011;2291;03-579;Kraśnicka 6
1465011;2292;04-076;Al. J.Waszyngtona 96
1465011;2293;04-455;Strażacka 104
1465011;2294;02-777;Komisji Edukacji Narodowej 85
1465011;2295;03-743;Kijowska 20
1465011;2296;00-832;Żelazna 32
1465011;2297;04-498;Grzybowa 3
1465011;2298;00-213;Bonifraterska 6
1465011;2299;00-146;Nowolipie 7a
1465011;2300;04-351;Osowska 84
1465011;2301;01-864;J. Kochanowskiego 45/47
1465011;2302;04-305;Żółkiewskiego 36
1465011;2303;02-449;Plastyczna 10
1465011;2304;00-357;Nowy Świat 68
1465011;2305;00-403;Solec 24
1465011;2306;01-793;Rydygiera 19
1465011;2307;03-984;Brygady Pościgowej 2a
1465011;2308;01-793;Rydygiera 7
1465011;2309;00-864;Krochmalna 2
1465011;2310;02-697;Rzymowskiego 28
1465011;2311;02-743;Batuty 5
1465011;2312;00-184;Dubois 5A
1465011;2313;02-707;Puławska 111b
1465011;2314;02-796;Migdałowa 4
1465011;2315;01-161;Obozowa 16
1465011;2316;00-876;Ogrodowa 58
1465011;2317;00-024;Al. Jerozolimskie 54
1465011;2318;02-784;Romera 10
1465011;2319;01-716;Broniewskiego 58a
1465011;2320;02-993;Syta 100
1465011;2321;00-020;Chmielna 36
1465011;2322;02-971;Przekorna 52
1465011;2323;05-077;Kamyk 14
1465011;2324;03-982;Abrahama 1
1465011;2325;02-342;Al. Jerozolimskie 262
1465011;2326;02-972;Rzeczypospolitej 23a
1465011;2327;04-345;Wspólna Droga 27
1465011;2328;03-938;Zwycięzców 40
1465011;2329;02-661;Wita Stwosza 48
1465011;2330;03-736;Plac Konesera 9
1465011;2331;01-248;Jana Kazimierza 12
1465011;2332;00-025;Krucza 50
1465011;2333;03-274;Kopijników 6
1465011;2334;03-833;Podskarbińska 4
1465011;2335;02-972;Sarmacka 4
1465011;2336;03-289;Magiczna 22
1465011;2337;02-765;Bergamotki 2
1465011;2338;04-976;Śpiewna 11
1465011;2339;04-874;Przewodowa 22
1465011;2340;03-151;Modlińska 347
1465011;2341;02-651;Garażowa 5
1465011;2342;02-793;Belgradzka 3
1465011;2343;00-178;Stawki 40
1465011;2344;05-075;Plac Wojska Polskiego 1
1465011;2345;03-687;Łodygowa 24A
1465011;2346;03-185;Myśliborska 50
1465011;2347;01-237;Stańczyka 5
1465011;2348;03-044;Kobiałka 39
1465011;2349;02-495;Herbu Oksza 22
1465011;2350;02-672;Domaniewska 26
1465011;2351;04-647;Widoczna 17
1465011;2352;04-790;Trakt Lubelski 131
1465011;2353;00-444;Górnośląska 6
1465011;2354;04-839;Patriotów 154
1465011;2355;02-143;Żwirki i Wigury 3A
1465011;2356;02-017;al. Jerozolimskie 123A
1465011;2357;00-312;Dobra 42
1465011;2358;02-380;Białobrzeska 6
1465011;2359;02-784;Stanisława Herbsta 4
1465011;2360;02-220;Łopuszańska 22
1465011;2361;01-199;Leszno 15
1465011;2362;02-390;Grójecka 194
1465011;2363;03-397;Łabiszyńska 16
1465011;2364;01-304;Połczyńska 106
1465011;2365;03-116;Czarodzieja 28
1465011;2366;03-042;Marywilska 44
1465011;2367;01-314;Lazurowa 71
1465011;2368;01-144;al. Solidarności 86/88
1465011;2369;03-289;Ostródzka 114
1465011;2370;00-863;Grzybowska 32
1465011;2371;03-420;Szwedzka 43
1465011;2372;01-142;Sokołowska 11
1465011;2373;03-464;pl. Hallera 6
1465011;2374;01-493;Wrocławska 8
1465011;2375;04-601;Wydawnicza 56/58
1465011;2376;03-144;Trakt Nadwiślański 14
1465011;2377;02-776;Dereniowa 10/U4
1465011;2378;02-758;Mangalia 2a
1465011;2379;03-153;Animuszu 1
1465011;2380;02-495;Wojciechowskiego 41
1465011;2381;02-673;Konstruktorska 10c
1465011;2382;00-843;Rondo I. Daszyńskiego 2C, bud.
1465011;2383;00-716;Bartycka 183
1465011;2384;02-962;Pałacowa 2
1465011;2385;02-495;Orląt Lwowskich 70
1465011;2386;00-140;Al. Solidarności 115
1465011;2387;05-816;Kuchy 24
1014093;2388;98-290;Prof. Kaszyńskiego 17
2002133;2389;16-010;Czysta 33
2002133;2390;16-010;Grodzieńska 15
265000;2391;58-303;Świdnicka 2
265000;2392;58-300;Palisadowa 53
265000;2393;58-300;Aleja Wyzwolenia 44
265000;2394;58-300;Moniuszki 34
265000;2395;58-302;11 Listopada 91
265000;2396;58-316;H. Wieniawskiego 70
265000;2397;58-305;1 Maja 98C
265000;2398;58-309;J. Kusocińskiego 23
265000;2399;58-309;Długa 5a
3217011;2400;78-600;Chopina 4
3217011;2401;78-600;W. Andersa 15
3217011;2402;78-600;Dąbrowskiego 28
3217011;2403;78-600;Budowlanych 1B
2215031;2404;84-200;Rzeźnicka 8
2215031;2405;84-200;Os. Kaszubskie 46
2215031;2406;84-200;E. Orzeszkowej 2
2215031;2407;84-200;Obrońców Helu 3
2215031;2408;84-200;Jana III Sobieskiego 241
2215031;2409;84-201;Sikorskiego 33
2215031;2410;84-200;Przemysłowa 1
2208052;2411;84-352;Wicko 12
2817083;2412;12-160;M. Kopernika 27b
3002083;2413;64-730;Staszica 1
1219053;2414;32-020;Słowackiego 12
1219053;2415;32-020;Reformacka 26
1219053;2416;32-020;Nowy Świat 27
1815052;2417;39-110;Wielopole Skrzyńskie 424a
1017093;2418;98-300;Traugutta 1
1017093;2419;98-300;18 Stycznia 37
1218102;2420;34-382;Żywiecka 974
1018073;2421;98-400;Warszawska 75B
1018073;2422;98-400;Wrocławska 22
603122;2423;26-680;T. Kościuszki 82
1216112;2424;33-122;Wierzchosławice 871
2402093;2425;43-330;I. Paderewskiego 17C
601182;2426;21-580;Kościelna 37
2403031;2427;43-460;1 Maja 75A
3003103;2428;62-230;Jana Pawła II 23
801073;2429;66-460;Żwirowa 1
413043;2430;89-410;Gdańska 18
2601083;2431;28-160;Tysiąclecia Państwa Polskiego 14
2415041;2432;44-300;Bogumińska 13
2415041;2433;44-304;Armii Ludowej 3
2415041;2434;44-300;Jastrzębska 1
2415041;2435;44-300;Marklowicka 38
2415041;2436;44-300;Leszka 25
2415041;2437;44-300;26 Marca 45
226011;2438;59-550;Kościelna 26
2401031;2439;42-580;G. Morcinka 4
1216133;2440;32-830;Krakowska 112
1010102;2441;97-371;Szkolna 11
1212073;2442;32-340;Mariacka 32
1212073;2443;32-340;Szosa Olkuska 7
1010113;2444;97-320;Modrzewskiego 78
3207063;2445;72-510;Sienkiewicza 32
3029033;2446;64-200;Przemysłowa 10
3029033;2447;64-200;Dworcowa 11
3029033;2448;64-200;Gajewskich 1
1604043;2449;46-250;Sienkiewicza 2
1434123;2450;05-200;Kościelna 56g
1434123;2451;05-200;Prądzyńskiego 41
1434123;2452;05-200;Geodetów 1
222033;2453;56-100;Ludowa 3
222033;2454;56-100;Objazdowa 1
2407083;2455;42-289;3 Maja 4
264000;2456;54-002;Trzmielowicka 7/9
264000;2457;54-155;Lotnicza 24
264000;2458;54-017;Średzka 32/34
264000;2459;53-344;Komandorska 147
264000;2460;53-022;Wawrzyniaka 2
264000;2461;50-541;Armii Krajowej 37
264000;2462;53-019;Krzycka 45A
264000;2463;51-206;Wilanowska 25
264000;2464;51-114;Bezpieczna 19
264000;2465;50-315;Nowowiejska 48
264000;2466;50-261;Jedności Narodowej 72/80
264000;2467;54-117;Królewiecka 68
264000;2468;50-424;Krakowska 1
264000;2469;50-552;Borowska 114
264000;2470;52-233;Parafialna 21
264000;2471;52-438;Solskiego 46-48
264000;2472;51-165;B. Krzywoustego 40
264000;2473;51-180;Sułowska 7
264000;2474;51-649;Marcellego Bacciarellego 56
264000;2475;54-238;Popowicka 134
264000;2476;54-432;Strzegomska 194
264000;2477;53-429;Żelazna 54/56
264000;2478;52-117;Afgańska 3
264000;2479;50-541;Aleja Armii Krajowej 41
264000;2480;50-421;Szybka 2/4
264000;2481;52-210;Pszczelarska 9
264000;2482;53-238;Pretficza 37
264000;2483;53-138;Powstańców Śląskich 159
264000;2484;51-315;Kiełczowska 137a
264000;2485;51-315;Kiełczowska 66d
264000;2486;51-212;Przedwiośnie 1
264000;2487;50-053;Szewska 6/7
264000;2488;50-384;Pl. Grunwaldzki 12-14
264000;2489;53-523;Zielińskiego 61
264000;2490;54-152;Kozanowska 2
264000;2491;54-130;Horbaczewskiego 22
264000;2492;53-033;Zwycięska 9-23
264000;2493;54-620;Gagarina 19
264000;2494;52-129;Sarnia 1
264000;2495;54-215;Bystrzycka 55
264000;2496;51-518;Strachocińska 192
264000;2497;50-518;Św. Jerzego 2
264000;2498;54-510;Żernicka 207
264000;2499;54-440;Rogowska 119
264000;2500;50-083;pl. Konstytucji 3 Maja 3
264000;2501;50-350;Benedyktyńska 15
264000;2502;51-618;Zygmunta Wróblewskiego 7a
264000;2503;54-203;Legnicka 57
264000;2504;50-085;Piłsudskiego 105
264000;2505;50-208;Stanisława Dubois 9
264000;2506;50-079;Grabarska 2
264000;2507;50-086;Sucha 1
264000;2508;50-024;Świdnicka 40
264000;2509;54-142;Dokerska 2a
264000;2510;53-235;Grabiszyńska 240
264000;2511;54-530;Piołunowa 21
264000;2512;54-610;Mińska 58
264000;2513;52-326;Czekoladowa 81
264000;2514;51-117;Paprotna 7
264000;2515;53-680;Braniborska 14
264000;2516;53-110;Ślężna 130/134
264000;2517;52-405;Awicenny 51
264000;2518;50-233;Kręta 23
264000;2519;50-203;Romana Dmowskiego 7
264000;2520;51-152;Tadeusza Micińskiego 11
264000;2521;50-148;Krawiecka 3a
3024083;2522;64-510;Mickiewicza 24
3030053;2523;62-300;Opieszyn 7
3030053;2524;62-300;Daszyńskiego 8
3030053;2525;62-300;Wrocławska 34
3030053;2526;62-300;A. Gendka 6/50
3030053;2527;62-300;Przemysłowa 1B
2406092;2528;42-130;Ks. Józefa
812033;2529;67-400;Konradowska 4
812033;2530;67-400;Pl. Grunwaldu 2
2806102;2531;11-510;Giżycka 1
2013011;2532;18-200;Białostocka 4
2013011;2533;18-200;Jagiellońska 41
1435053;2534;07-200;Pułtuska 57
1435053;2535;07-200;Serocka 36
1435053;2536;07-202;Świętojańska 175
1435053;2537;07-200;Pana Tadeusza 25
1419153;2538;09-450;Mickiewicza 16
417011;2539;87-200;Gen. St.Hallera 8
417011;2540;87-200;Tysiaclecia 11-11A
3028011;2541;62-100;Janowiecka 96
3028011;2542;62-100;Bydgoska 9
3028011;2543;62-100;Kasprowicza 54
204043;2544;56-210;Rawicka 24
225063;2545;59-940;J. Piłsudskiego 23
2819033;2546;11-600;Zamkowa 2
2819033;2547;11-600;ul. Armii
3218053;2548;73-155;Przemysłowa 5
1433011;2549;07-100;Podlaska 1
1433011;2550;07-100;Mickiewicza 6
1433011;2551;07-100;K. Szamoty 42
2211043;2552;84-120;Towarowa 27
2211043;2553;84-120;Starowiejska 25
2211043;2554;84-120;Morelowa 1
418132;2555;87-800;Zbiegniewskiej 19
418132;2556;87-800;Wieniecka 42
418132;2557;87-800;Kaliska 9-15
418132;2558;87-800;Toruńska 85/87
418132;2559;87-800;Barska 17
418132;2560;87-800;Wieniecka 19
418132;2561;87-800;Zielony Rynek 5
418132;2562;87-800;Polna 96/98
418132;2563;87-800;ul. Jana Pawła II 8
619011;2564;22-200;Korolowska 2
619011;2565;22-200;Długa 2
3013072;2566;64-140;Powstańców Wlkp. 22
2613063;2567;29-100;Wiśniowa 21
2613063;2568;29-100;Partyzantów 9
1206162;2569;32-080;Krakowska 232
2478000;2570;41-800;Klonowa 15
2478000;2571;41-800;Szczęść Boże 6
2478000;2572;41-800;Wolności 480
2478000;2573;41-800;Hermisza 16
2478000;2574;41-808;Krakowska 5
2478000;2575;41-800;Wolności 317
2478000;2576;41-807;Al. Szczęście Ludwika 2a
2478000;2577;41-800;Wolności 88
2478000;2578;41-813;Jordana 61
2478000;2579;41-811;Legnicka 31
2478000;2580;41-800;Wolności 273
2478000;2581;41-810;I. Paderewskiego 21a
2478000;2582;41-819;Franciszkańska 22
2478000;2583;41-800;Bytomska 33
2478000;2584;41-800;Matejki 48
2604192;2585;26-050;Kielecka 1A
1817073;2586;38-540;J. Piłsudskiego 26
3023083;2587;62-410;Pyzderska 6
1216143;2588;32-840;Polna 2
1818053;2589;37-470;DW855
1217011;2590;34-500;Aleja 3 Maja 9
1217011;2591;34-500;Nowotarska 35
1217011;2592;34-500;Józefa Piłsudskiego 20a
1217011;2593;34-500;Jagiellońska 18c
1414063;2594;05-170;Doranta 41
607102;2595;23-213;Żeromskiego 25
2807073;2596;14-230;R. Traugutta 7
2014011;2597;18-300;Mazowiecka 2
2014011;2598;18-300;Papieża Jana Pawła II 3b
2014011;2599;18-300;Grunwaldzka 1
2014011;2600;18-300;Białostocka 28
620142;2601;22-400;Zamoyskiego 6
620142;2602;22-400;Wierzbowa 3
620142;2603;22-400;Lwowska 35
620142;2604;22-400;Dzieci Zamojszczyzny 2
620142;2605;22-400;Lubelska 40
620142;2606;22-400;Wyszyńskiego 26
620142;2607;22-400;Peowiaków 9b
620142;2608;22-400;Lipska 40a
620142;2609;22-400;Sadowa 8
620142;2610;22-400;Legionów 8a
3025052;2611;63-020;Czarnecka 3
1814092;2612;37-400;Adama
1814092;2613;37-205;Księdza Gajeckiego 19
1213093;2614;32-640;Juliusza Słowackiego 1
1611073;2615;47-120;Opolska 61
225011;2616;59-970;M .Kopernika 1
2416021;2617;42-400;Bohaterów Westerplatte 33
2416021;2618;42-400;Obrońców Poczty Gdańskiej 20
220052;2619;55-106;Swobodna 2
402102;2620;87-305;Zbiczno 142
2213132;2621;83-210;Szosa Borzechowska 1b
2413092;2622;42-674;Wolności 100a
808063;2623;66-210;Targowa 2
3015063;2624;64-360;Mostowa 4
1019011;2625;98-220;Szymanowskiego 8
1019011;2626;98-220;Getta Żydowskiego 29
1019011;2627;98-220;Łaska 26
1019011;2628;98-220;Długa 3
1605053;2629;47-330;Myśliwca 16
2403122;2630;43-410;Jutrzenki 2C
1001083;2631;97-425;Kościuszki 2
1215092;2632;34-210;Zembrzyce 716
1020031;2633;95-100;Kilińskiego 4
1020031;2634;95-100;Gałczyńskiego 20
1020031;2635;95-100;Powstańców Śląskich 8
1020031;2636;95-100;Gałczyńskiego 40
1020031;2637;95-100;Kasprowicza 12a
1020031;2638;95-100;Armi Krajowej 10
225021;2639;59-900;Iwaszkiewicza 3
225021;2640;59-900;Lubańska 10B
225021;2641;59-900;Grunwaldzka 1
225021;2642;59-900;Armii Krajowej 30
225021;2643;59-900;Warszawska 27A
862000;2644;65-548;Osiedle Kaszubskie 1
862000;2645;65-536;Wyszyńskiego 1
862000;2646;65-364;Kożuchowska 8
862000;2647;65-019;Dworcowa 27A
862000;2648;65-022;Sulechowska 38
862000;2649;65-410;Fabryczna 15a
862000;2650;65-547;Os. Pomorskie 5
862000;2651;65-120;Al. Zjednoczenia 106
862000;2652;65-137;Poznańska 11B
862000;2653;65-552;Zachodnia 65
862000;2654;65-021;Dąbrowskiego 1
862000;2655;65-775;Zacisze 22
862000;2656;65-119;Rzeźniczaka 1
862000;2657;65-067;Stary Rynek 17
862000;2658;65-536;S.Wyszyńskiego 36
862000;2659;66-001;Krępa-Podgórna 43d
862000;2660;65-382;Makowa 12
862000;2661;66-004;Racula,  Głogowska 87
1434041;2662;05-220;Kolejowa 10
1434041;2663;05-220;Poniatowskiego 64
1434041;2664;05-220;Wolności 6/8
1434041;2665;05-220;Ignacego Paderewskiego 1
224063;2666;57-220;Stawowa 2b
620153;2667;22-470;Biłgorajska 3a
1434031;2668;05-091;Reymonta 28
1434031;2669;05-091;Wolności 3
1434031;2670;05-091;Targowa 4
224053;2671;57-200;1 Maja 9a
224053;2672;57-200;Piastowska 18
224053;2673;57-200;Jasna 19
224053;2674;57-200;Wrocławska 31a
415092;2675;87-134;Handlowa 1
3203063;2676;78-520;S. Okrzei 11
1014113;2677;98-270;Burzenińska 13
226021;2678;59-500;Staromiejska 1
226021;2679;59-500;Hoża 11A
226021;2680;59-500;Legnicka 19a
224073;2681;57-250;Działkowa 8
419043;2682;89-210;Powstańców Wielkopolskich 17B
202062;2683;58-210;Przemysłowa 2
1201052;2684;32-740;Droga Wojewódzka 966 16
2002063;2685;18-100;Główna 24
2002063;2686;18-100;Żwirki i Wigury 25a
2002063;2687;18-100;generała Władysława Sikorskiego 116
406033;2688;86-320;Dworcowa 68
1003023;2689;98-100;Jana Pawła II 7
1003023;2690;98-100;Jodłowa 13
1403021;2691;08-450;Warszawska 77f
618063;2692;22-650;Dworcowa 11
2408011;2693;43-170;Wiejska 1
2408011;2694;43-173;Os. Kościuszki 100
2408011;2695;43-173;Dworcowa 38
2416053;2696;42-450;Targowa 8
2416053;2697;42-450;Kolejowa 7
1810011;2698;37-100;Mickiewicza 10
1810011;2699;37-100;Podzwierzyniec 39
1810011;2700;37-100;J. Piłsudskiego 64
1810011;2701;37-100;Kościuszki 19
2208021;2702;84-360;al. Świętego Jakuba 39
3218023;2703;73-150;Mostowa 7
1433053;2704;07-130;Al. Łochowska 133
1432053;2705;05-092;Warszawska 76
1432053;2706;05-092;Warszawska 150
2007022;2707;18-400;Dworna 11
2007022;2708;18-400;Wyszyńskiego 4
2007022;2709;18-400;Łagody 4b
2007022;2710;18-400;Wojska Polskiego 69
2007022;2711;18-400;Szosa Zambrowska 100
2007022;2712;18-400;al. J. Piłsudskiego 121
2007022;2713;18-400;al. Legionów 60
2609052;2714;27-670;Łoniów 19
2604082;2715;26-070;Strażacka 13B
1410023;2716;08-200;Powstania Styczniowego 6
1210102;2717;33-314;Łososina Dolna 290
1005011;2718;99-400;Warszawska 1
1005011;2719;99-400;Łęczycka 66
1005011;2720;99-400;Katarzynów 1
3003062;2721;62-260;Łubowo 14G
611011;2722;21-400;Sienkiewicza 1
611011;2723;21-400;Międzyrzecka 72b
611011;2724;21-400;Aleje Kaczorowskiego 4
1205062;2725;38-322;Łużna 895
1415072;2726;07-437;Kościelna 16
415062;2727;87-148;Warszawska 40D
1061000;2728;91-446;Zgierska 15
1061000;2729;91-843;Kowalska 2
1061000;2730;91-446;Zgierska 53
1061000;2731;90-558;28 Pułku Strzelców Kaniowskich 61/63
1061000;2732;90-737;Żeromskiego 32
1061000;2733;91-312;Tuwima 3
1061000;2734;91-403;Tamka 3
1061000;2735;92-432;Skrzetuskiego 11
1061000;2736;92-502;Haszka 11
1061000;2737;93-286;Przędzalniana 124
1061000;2738;94-104;Obywatelska 137
1061000;2739;93-008;Rzgowska 9a
1061000;2740;93-177;J. Dąbrowskiego 17F
1061000;2741;93-213;Kossaka 10
1061000;2742;92-513;Gogola 10
1061000;2743;91-496;Nastrojowa 8
1061000;2744;91-065;Ogrodowa 18
1061000;2745;91-101;Aleksandrowska 58
1061000;2746;94-006;Zagrodniki 8
1061000;2747;90-521;Wólczańska 128/132
1061000;2748;90-204;Pomorska 58
1061000;2749;92-524;Bartoka 20
1061000;2750;90-046;Wodna 33/37
1061000;2751;92-507;Dostojewskiego 2
1061000;2752;93-189;Przybyszewskiego 28
1061000;2753;92-735;Pomorska 585
1061000;2754;92-620;Rokicińska 366/368
1061000;2755;93-253;P. Gojawiczyńskiej 20
1061000;2756;93-325;Sternfelda 24
1061000;2757;91-497;Sikorskiego 12
1061000;2758;94-003;Rajdowa 12
1061000;2759;93-520;Smocza 6/8
1061000;2760;93-424;Starorudzka 42
1061000;2761;92-402;Zakładowa 65
1061000;2762;94-221;Złotno 31
1061000;2763;94-054;Kusocińskiego 137
1061000;2764;91-030;Woronicza 1
1061000;2765;91-316;Srebrna 4
1061000;2766;93-193;Łęczycka 11/13
1061000;2767;93-486;Pabianicka 77
1061000;2768;92-101;Krokusowa 1
1061000;2769;93-345;Paradna 39
1061000;2770;94-007;Maratońska 93
1061000;2771;91-859;Tęczowa 1
1061000;2772;93-379;Łazowskiego 44
1061000;2773;91-116;Traktorowa 52
1061000;2774;93-502;Politechniki 60
1061000;2775;91-359;Liściasta 2
1061000;2776;92-103;Brzezińska 38
1061000;2777;93-457;Pabianicka 245
1061000;2778;91-455;Goplańska 23
1210092;2779;33-390;Łącko 862
610033;2780;21-010;Szkolna 8
610033;2781;21-010;Wacława Jawoszka 2a
811011;2782;68-208;Graniczna 14
211043;2783;59-330;W. Jagiełły 69
3010123;2784;62-561;Kleczewska 29
416052;2785;89-530;Dębowa 1
3011053;2786;64-030;Leszczyńska 1
3026043;2787;63-100;Gostyńska 17
3026043;2788;63-100;Grottgera 50
3026043;2789;63-100;Kilińskiego 30
3025043;2790;63-000;Hallera 11
3025043;2791;63-000;Niedziałkowskiego 22
3025043;2792;63-000;Popiełuszki 8
218043;2793;55-300;Legnicka 27
219011;2794;58-100;ul. Henryka Pobożnego 3
219011;2795;58-100;Zamenhofa 2
219011;2796;58-100;Wróblewskiego 1a-1b
219011;2797;58-100;Okrężna 41
219011;2798;58-100;Głowackiego 28
219011;2799;58-100;Przemysłowa 2
219011;2800;58-100;Trybunalska 11-13
219011;2801;58-100;Kliczkowska 22
617011;2802;21-040;Kosynierów 2
617011;2803;21-040;Wyszyńskiego 22
617011;2804;21-040;Skarżyńskiego 1
617011;2805;21-040;Piasecka 10
3216011;2806;78-300;Wojska Polskiego 29
3216011;2807;78-300;Kombatantów Polskich 12
219021;2808;58-160;Strzegomska 15
219021;2809;58-160;Wałbrzyska 35
219021;2810;58-160;Łączna 43
808053;2811;66-200;Łużycka 33a
808053;2812;66-200;Konarskiego 35A
808053;2813;66-200;Żymierskiego 20
414093;2814;86-105;Wojska Polskiego 12a
414093;2815;86-100;Os. Sikorskiego 2
414093;2816;86-100;Wojska Polskiego 90
414093;2817;86-100;Armii Krajowej 5a
210021;2818;59-850;11 Listopada 26
2413072;2819;42-622;Parkowa 7
226043;2820;59-540;Jeleniogórska 41
3263000;2821;72-600;Nowokarsiborska 2
3263000;2822;72-600;Wojska Polskiego 16A
3263000;2823;72-600;Fińska 4
3263000;2824;72-600;Chrobrego 9
3263000;2825;72-600;Wojska Polskiego 97
1206143;2826;32-040;Kazimierza Bruchnalskiego 30
2476000;2827;41-600;Katowicka 31C
2476000;2828;41-600;Bukowa 158
2476000;2829;41-600;Kubiny 7
2476000;2830;41-608;Sportowa 1
2476000;2831;41-600;Śląska 111
2476000;2832;41-605;Barlickiego 34
2476000;2833;41-605;Chorzowska 19
1216153;2834;33-240;Tarnowska 147
810021;2835;68-100;Kopernika 10
810021;2836;68-100;Pstrowskiego 1
810021;2837;68-100;E.
2416102;2838;42-439;Studzieniczna 1A
811021;2839;68-200;Artylerzystów 4
811021;2840;68-200;Szymanowskiego 27a
811021;2841;68-200;Katowicka 41
811021;2842;68-200;Okrzei 54
811021;2843;68-200;Podwale 14
219083;2844;58-130;Armii Krajowej 11B
1403143;2845;08-430;Długa 38
3006043;2846;63-210;Stanisława Wyspiańskiego 17
220063;2847;55-140;Sportowa 22
419063;2848;88-400;700 Lecia 36
419063;2849;88-400;Szpitalna 2
2479000;2850;44-240;Wodzisławska 12
2479000;2851;44-240;Kościuszki 24
2479000;2852;44-240;Al. Jana Pawła II 41
2479000;2853;44-244;Al. Zjednoczonej Europy 14
2479000;2854;44-245;Wodzisławska 272c
2479000;2855;44-240;Wodzisławska 11
1810072;2856;37-110;A. Mickiewicza 1B
2205083;2857;83-330;Książąt Pomorskich 2d
1813102;2858;37-710;3 Maja 4
1437063;2859;09-300;Warszawska 10
1437063;2860;09-300;Zwycięstwa 5
1002113;2861;99-320;Marii Konopnickiej 4
1002113;2862;99-320;G. Narutowicza 102
223092;2863;55-020;Wrocławska 3c
606112;2864;22-335;Żółkiewskiego 23
